file,rand_score,ami_score,consistency_score
10_Easy_Pieces_X._Bear_Dance.pkl,0.0,0.0,1.0
"2-Part_Invention_No._1_in_C_major,_BWV_772.1.pkl",0.0,0.0,1.0
"2-Part_Invention_No._1_in_C_major,_BWV_772.2.pkl",0.0,0.0,1.0
"2-Part_Invention_No._1_in_C_major,_BWV_772.3.pkl",0.0,0.0,1.0
"2-Part_Invention_No._1_in_C_major,_BWV_772.pkl",0.0,0.0,1.0
"2-Part_Invention_No._4_in_D_minor,_BWV_775.pkl",0.0,0.0,1.0
"2-Part_Invention_No._8_in_F_major,_BWV_779.pkl",0.0,0.0,1.0
316.pkl,0.0,0.0,1.0
"44_Duos,_No._14_Cushion_Dance.pkl",0.0,0.0,1.0
500_Miles_High.pkl,0.0,0.0,1.0
5th_Symphony.pkl,0.0,0.0,1.0
A_Breeze_From_Alabama.pkl,0.0,0.0,1.0
Honestly_Love_You.pkl,0.0,0.0,1.0
Horizons.pkl,0.0,0.0,1.0
If_I_Should_Lose_You.1.pkl,0.0,0.0,1.0
If_I_Should_Lose_You.pkl,0.0,0.0,1.0
If_I_Were_a_Carpenter.pkl,0.0,0.0,1.0
II._Pour_un_tombeau_sans_nom.pkl,0.0,0.0,1.0
III._Pour_que_la_nuit_soit_propice.pkl,0.0,0.0,1.0
"Nocturne_for_piano_No._8_9_in_E_minor,_H46b.pkl",0.0,0.0,1.0
"Nocturne_In_C_Minor,_Op._48_Nr._1.pkl",0.0,0.0,1.0
"Nocturne_in_F-sharp_major,_Op._15_No._2.pkl",0.0,0.0,1.0
"Nocturne_in_F_minor,_Op._55_No._1.pkl",0.0,0.0,1.0
Nocturne_in_F_No.6_H40.pkl,0.0,0.0,1.0
"Nocturne_In_G_Minor,_Op._15_Nr._3.pkl",0.0,0.0,1.0
"Nocturne_In_G_Minor,_Op._37_Nr._1.pkl",0.0,0.0,1.0
"Nocturne_No._18_in_E_major,_Op._62_No._2.pkl",0.0,0.0,1.0
"Nocturne_No._1_in_E_minor,_Op._72_Andante.pkl",0.0,0.0,1.0
No_Mystery.pkl,0.0,0.0,1.0
Sunburst_Rag.pkl,0.0,0.0,1.0
Sundance_Chick_Corea_.1.pkl,0.0,0.0,1.0
Sunflower_Slow_Drag.pkl,0.0,0.0,1.0
Wall_Street_Rag.pkl,0.0,0.0,1.0
Waltz_from_Faust.pkl,0.0,0.0,1.0
"Waltz_In_A_Minor,_Op._34_Nr._2.pkl",0.0,0.0,1.0
"Waltz_In_D_Flat_Major,_Op._70_Nr._3.pkl",0.0,0.0,1.0
Waltz_in_D_Minor_Op.54_Nr.7.1.pkl,0.0,0.0,1.0
Waltz_in_D_Minor_Op.54_Nr.7.pkl,0.0,0.0,1.0
Waltz_in_E_Minor_Opus_posthumous.pkl,0.0,0.0,1.0
Watch_What_Happens.pkl,0.0,0.0,1.0
Youre_Still_My_Man.pkl,0.0,0.0,1.0
Warning.1.pkl,0.006228637893199858,0.03258592159680936,0.9969879518072289
Warning.pkl,0.006228637893199858,0.03258592159680936,0.9969879518072289
667.pkl,0.606651010712306,0.6027870669222765,0.9383886255924171
Sunny.1.pkl,0.7823108879733061,0.6872617764698586,0.9270714012982054
Walking_in_Your_Footsteps.pkl,0.9320369597480948,0.8292786201288825,0.910980256321441
Il_pianeta_delle_parole.pkl,0.149072643971202,0.1913805543898291,0.8980815347721822
Il_saggio.pkl,0.7745851458479681,0.7015913718892208,0.8934320074005551
If_I_Fell.2.pkl,0.8712558897242698,0.71058023531657,0.8782201405152225
Hobophobic_Scared_of_Bums_.pkl,0.7004202171282328,0.6721556585265986,0.8756067961165048
Norweigian_Wood_This_Bird_Has_Flown_take_1_.pkl,0.6782865097224499,0.6531287389104667,0.8642611683848798
If_This_Is_It.1.pkl,0.6732306458897475,0.6898883486963535,0.8558558558558559
"No_Woman,_No_Cry.pkl",0.5710469147981081,0.40603664599624195,0.834189631013545
Ill_Be_on_My_Way.pkl,0.6623757796671547,0.5604102954639009,0.8289191123836793
Horizons.1.pkl,0.06320592223964967,0.1113579178303852,0.8274111675126904
Sure_Know_Something.pkl,0.7124910305371751,0.6421313779988679,0.82571299230421
1983..._A_Merman_I_Should_Turn_to_Be_.pkl,0.37499460455269495,0.4185810928307857,0.82528
Hot_Hot_Hot.pkl,0.7181506329800421,0.6163628766660593,0.8224605954465849
Ill_Be_Over_You.1.pkl,0.8319139450501054,0.627565175512343,0.813581640331076
Sun_Flower_Slow_Drag.pkl,0.16804413018923306,0.27479718434542244,0.8132763975155279
Sweet_Emotion.pkl,0.4673809757287043,0.5188130839279427,0.8111301696207357
No_Limit_extended_.pkl,0.7079264978953433,0.6201440024926986,0.8097507019484387
We_All_Need_Love.pkl,0.674019867105556,0.6666429773072715,0.8084112149532711
No_Good_Start_the_Dance_.1.pkl,0.6269305311960118,0.6208093651159329,0.8079885132489231
No_Good_Start_the_Dance_.2.pkl,0.6269305311960118,0.6208093651159329,0.8079885132489231
No_Good_Start_the_Dance_.pkl,0.6269305311960118,0.6208093651159329,0.8079885132489231
Hold_On_My_Heart.1.pkl,0.708356080567288,0.6003059905883463,0.8065580985915493
Hold_On_My_Heart.pkl,0.7081833798145177,0.600249305063597,0.8064729194187582
Honesty.pkl,-0.04661442045355676,0.12996068775313702,0.8064327485380117
Suspicion.pkl,0.4124875180071162,0.4965410295925632,0.8014081087642632
100%_Pure_Love.pkl,0.8831271595954572,0.7620395059994126,0.799475753604194
No_Reply.1.pkl,0.5376638201406064,0.5132914813651085,0.7981007431874484
War_Child.1.pkl,0.5274430292738418,0.37286429305992774,0.7977867203219315
War_Child.pkl,0.5274430292738418,0.37286429305992774,0.7977867203219315
Holding_Back_The_Years.1.pkl,0.752996316596713,0.5978306899906809,0.7917856010149065
No_Limit.1.pkl,0.41542696277197894,0.4450218455812252,0.7914453452613922
Il_mio_bambino.pkl,0.4004590428164438,0.4190560170341804,0.7913385826771654
Non_parli_mai.pkl,0.7173295407048926,0.5802380120688843,0.7907929621595565
Wave.pkl,0.5282729830377424,0.5702732142184602,0.7892069926526476
16.pkl,0.4397927498034201,0.5038838802555065,0.7877840316864707
No_Holly_For_Miss_Quinn.1.pkl,0.34558359950567263,0.297824228523294,0.7868632707774799
Holly_Holy.1.pkl,0.7984259723721029,0.6862221107364366,0.7859302559967748
Super_Freak.pkl,0.591511008258992,0.5778970310944241,0.7841047503045067
Waterfall.pkl,0.5283021088677126,0.6186424425482095,0.7837929284385045
Sweet_Child_O_Mine.pkl,0.6848412492003018,0.5677315979399804,0.7810862972153295
No_One.1.pkl,0.6978700039828152,0.6632312824812086,0.7801831806827644
Sweet_City_Woman.pkl,0.5471316388796128,0.540893963151376,0.7791837462127963
No_Limit.2.pkl,0.7150373626604158,0.5945314106670464,0.7780026990553306
Ill_Be_Your_Baby_Tonight.1.pkl,0.6052297657274963,0.5714155253496175,0.7775382203057625
Hope_Youre_Feeling_Better.pkl,0.7329161434469406,0.5800380916976758,0.7773699329715927
Hot_Rod_Lincoln.pkl,0.6739872082676974,0.5546940997075525,0.7727737973387923
Hold_Tight.pkl,0.623904133118314,0.552932779694876,0.7719341974077767
1984.pkl,0.19150425693753356,0.4031340188970536,0.7713897691263015
Sweet_Harmony.pkl,0.5546926637095008,0.6302695488024574,0.7702174566589839
Sweet_Harmony.2.pkl,0.5540619068181031,0.6299906445124773,0.7700100300902708
Ill_Be_Over_You.pkl,0.6339456559767749,0.4413543732095219,0.7700064363870414
Hope_Work_That_We_Do_DJs.pkl,0.7218218075442477,0.6889387133854721,0.7693965517241379
We_Didnt_Start_the_Fire.1.pkl,0.7083329781807803,0.6399576973134987,0.7693757855048178
No_Limit.pkl,0.5723344910098287,0.47597081759975657,0.7686181360905407
No_Limits.pkl,0.5723344910098287,0.47597081759975657,0.7686181360905407
Hope_Has_a_Place.1.pkl,0.21049040540432462,0.14796557448837513,0.7676311030741411
Hope_Has_a_Place.pkl,0.21167005286587076,0.1484117381432962,0.7676311030741411
"2-Part_Invention_No._1_in_C_major,_BWV_772.4.pkl",0.14069783023533036,0.2560226890357399,0.7654784240150094
A_Beautiful_Morning.pkl,0.5718478366697403,0.5085783547304467,0.7654632668518051
Ill_Be_Your_Baby_Tonight.pkl,0.6147311338141714,0.6885873485763166,0.7646629350206863
No_Scrubs.pkl,0.6156435564071883,0.5063634370408544,0.7624330527926549
Not_Enough_Time.pkl,0.7142177714871077,0.5858453977188444,0.7610619469026548
Il_battito_animale.pkl,0.805887320468465,0.5824162694005132,0.7608906098741529
Il_suono_ce.pkl,0.7434773288157894,0.6131242263318775,0.7595131505316173
Summer_on_a_Solitary_Beach.1.pkl,0.5078707019829263,0.4568930594961659,0.7589952477936185
Il_Silenzio.pkl,0.6387184293588343,0.6202697300674082,0.7574750830564784
Ill_Get_You.1.pkl,0.47349350339209356,0.5741193838826659,0.7560162902628657
Ill_Get_You.pkl,0.47349350339209356,0.5741193838826659,0.7560162902628657
Hold_My_Body_Tight.pkl,0.6958370442556655,0.5316342119600096,0.7548426150121066
Honesty.1.pkl,0.16832338345896894,0.27832695637719634,0.7545626179987414
Honesty.5.pkl,0.16832338345896894,0.27832695637719634,0.7545626179987414
20th_Century_Fox.pkl,0.5165644111110266,0.5269403176735972,0.7531172069825436
Hollywood_Nights.pkl,0.5432228826476758,0.571203520911113,0.75279348875707
Il_battito_animale.1.pkl,0.8036177135888679,0.5687230940742775,0.7520398285161112
Il_ragazzo_della_via_Gluck.pkl,0.416063471362737,0.44254544475558233,0.7492266902342024
Sweet_Harmony.1.pkl,0.7164844632211052,0.6432254934722197,0.748004445791654
Hop-O-My-Thumb.pkl,0.12091023996021077,0.16916127326372257,0.7451381780962129
Walking_On_Broken_Glass.pkl,0.8283642286519094,0.6380927245897021,0.7433160845191893
Sure.pkl,0.7361075784485115,0.6091359898270552,0.7412812268117734
No_Frontiers.pkl,0.574002932073749,0.47710792914243794,0.740571902196436
Nobody_Home.1.pkl,0.22932396570288224,0.10002518747934078,0.7405660377358491
Walking_in_My_Shoes.pkl,0.7367445159401378,0.5999668126010339,0.740329035126723
No_Reply.pkl,0.4239862927500461,0.4272223988846718,0.74
Not_Counting_You.pkl,0.22865445384802086,0.3574539329966631,0.7394935344827587
"40,000_Headmen.pkl",0.5802708216519643,0.47378473849871633,0.7391084093211753
Youre_the_Inspiration.pkl,0.5940055025184682,0.44768046534207967,0.737990465713238
We_Can_Work_It_Out.1.pkl,0.4815833421176933,0.47870887829407843,0.7379032258064516
We_Can_Work_It_Out.2.pkl,0.4815833421176933,0.47870887829407843,0.7379032258064516
We_Can_Work_It_Out.pkl,0.4815833421176933,0.47870887829407843,0.7379032258064516
No_Memory.pkl,-0.01139280767178229,0.06723923160728003,0.7373134328358208
Non_mi_arrendo.1.pkl,0.6486207273431133,0.5799741993300781,0.7372881355932204
Non_mi_arrendo.pkl,0.6486207273431133,0.5799741993300781,0.7372881355932204
2112.pkl,0.4209923305416756,0.4468261253987435,0.7357766712921394
Sweet_Dreams_Hell_Outro.2.pkl,0.5501627624807993,0.4829085614458891,0.7354696132596685
Non_abbiam_bisogno_di_parole.pkl,0.6233826600568536,0.4529742648479616,0.7350672250385717
Holding_Out_for_a_Hero.pkl,0.6807071071457109,0.5528536645743332,0.7349120588573399
Sunday_Girl.pkl,0.4201948853412807,0.46366534292785544,0.7345832392139147
Baila_Me.1.pkl,0.7332543327561413,0.5612632184436497,0.7336734693877551
Wanted.pkl,0.4445463855872071,0.5078996401961619,0.7310594627226079
No_More_I_Cant_Stand_It_.pkl,0.7277563942543119,0.6498258857981,0.7294049008168028
Supermarket.pkl,0.11354964657573832,0.27599418660803854,0.7286809326093899
Il_viaggiatore.pkl,0.7171769892326768,0.5405740979183432,0.7281453548165924
Sunday_Bloody_Sunday.1.pkl,0.41607276242290303,0.3616135372568221,0.7271278714646129
Hocus_Pocus.1.pkl,0.47527894959216277,0.48282315441194845,0.7269061583577713
If_You_Needed_Somebody.1.pkl,0.5213724476316284,0.4978627602364866,0.7265011002829299
If_You_Needed_Somebody.pkl,0.5213724476316284,0.4978627602364866,0.7265011002829299
Summer_on_a_Solitary_Beach.pkl,0.42999392709824963,0.4341918229764902,0.725520431765613
Ill_Be_Missing_You.1.pkl,0.33709759715991816,0.408600754479129,0.7246104245029554
If_You_Love_Me.pkl,0.5633262365022061,0.5121203208145068,0.7241122423640427
Ill_Be_Missing_You.pkl,0.3386013585288244,0.41576437650520637,0.7235357334766255
Honky_Tonk.pkl,0.3115231815118414,0.49034232004751754,0.7227101631116688
Super_Gut.pkl,0.6394892564242649,0.7508307235610604,0.7222140869819885
Nobodys_Child.pkl,0.5807141654283471,0.46637954588911595,0.7218962684815771
Walking_on_the_Moon.1.pkl,0.6498281578800932,0.6017797487338313,0.7218579234972677
Walking_on_The_Moon.4.pkl,0.6498281578800932,0.6017797487338313,0.7218579234972677
Waltzing_Back.pkl,0.40689642212220806,0.4771391218921456,0.7217487958503149
Walking_on_The_Moon.3.pkl,0.6464334995976396,0.5983132933783013,0.7204595185995624
4_marzo_1943.pkl,0.20763128934235708,0.36550865238047137,0.7198651306546783
Susanna.1.pkl,0.5626696958489754,0.5276028446011967,0.7186865267433988
Non_abbassare_gli_occhi.pkl,0.6648114101123334,0.4603845785142997,0.718400293524124
Youve_Got_a_Friend.pkl,0.4525930549576969,0.37595584350744443,0.7179561200923787
Ignition.pkl,0.42063349082583806,0.5408330586348226,0.7160493827160493
1999.6.pkl,0.5082324963232147,0.47923073385816356,0.7158779820101682
Wat_ben_je_Lelijk_van_dichtbij.pkl,0.5201297318573774,0.5284425607345133,0.7145631067961165
1999.3.pkl,0.49863328807754775,0.4774367670696394,0.7143705463182898
Holly_Holy.pkl,0.3175865247737341,0.42558252289357074,0.7129067413981006
Il_suffit_de_passer_le_pont.pkl,0.3586404318023468,0.5110802605279002,0.7128712871287128
Il_monolocale.pkl,0.46914356361864623,0.524918095056955,0.712314591238358
Bakerstreet.pkl,0.4115677220673163,0.37892491482043145,0.7115648331555691
Il_vento_del_nord.1.pkl,0.3069370588476307,0.473255189582099,0.7106487464461101
Il_vento_del_nord.2.pkl,0.3069370588476307,0.473255189582099,0.7106487464461101
Il_vento_del_nord.pkl,0.31516622434529384,0.48870249451993136,0.7101108169069335
Surfin_USA.1.pkl,0.43273569534482964,0.47466082857762626,0.7093605546995377
Surfin_USA.3.pkl,0.43273569534482964,0.47466082857762626,0.7093605546995377
Surfin_USA.4.pkl,0.43273569534482964,0.47466082857762626,0.7093605546995377
Super_Trouper.pkl,0.6296674327624326,0.5149358246946797,0.7061579651941098
No_Scrubs.1.pkl,0.4710694492081867,0.46314202436748136,0.7050691244239631
Warum_immer_ich.1.pkl,0.6116889573607327,0.6094381683081255,0.7047303404639952
We_Dont_Need_Another_Hero_Thunderdome_.1.pkl,0.6697341715515787,0.5623156306341426,0.7042200452147701
Honky_Tonk_Woman.pkl,0.46761546932613834,0.41972619537792527,0.7025849549811212
No_Myth.pkl,0.4525806275822808,0.41262891885774056,0.7012944983818771
If_There_Was_Any_Other_Way.1.pkl,0.6632688687792139,0.5941342732719828,0.7005584440593106
If_There_Was_Any_Other_Way.pkl,0.6632688687792139,0.5941342732719828,0.7005584440593106
No_Tell_Lover.1.pkl,0.5184860115827808,0.4525063773302842,0.6997840172786177
No_Tell_Lover.pkl,0.5184860115827808,0.4525063773302842,0.6997840172786177
No_More_I_Love_Yous.1.pkl,0.6090819238167826,0.5979631984006643,0.6994988014818043
Homely_Girl.1.pkl,0.6319969919133147,0.5809705391083118,0.6985124980831161
Hole_In_Your_Soul.pkl,0.6121518189257101,0.6071498760019675,0.6985114000376861
Youve_Got_to_Hide_Your_Love_Away.1.pkl,-0.0022833389067546607,0.18733942846012377,0.6980065456709312
Nobody_Knows.pkl,0.5138134800925052,0.407350960880376,0.697566628041715
If_I_Ruled_the_World.pkl,0.42588247169249516,0.4608104849211292,0.6973370429252782
Honey_Dont.1.pkl,0.3888295345981174,0.4193519904797568,0.6973351198451689
Honey_Dont.pkl,0.3888295345981174,0.4193519904797568,0.6973351198451689
Il_mattino_dopo.pkl,0.22208043307255235,0.42654734611487327,0.6969089390142021
Not_Sorry.pkl,0.42324312751221344,0.4378741267026063,0.6963048498845266
Zombie.2.pkl,0.27001689467814843,0.4138929654042363,0.6956869009584664
Wanna_Be_Startin_Somethin.pkl,0.592704704616478,0.5425112628315267,0.6956638354939652
Not_This_Time.pkl,0.5132892682112544,0.5079625859174132,0.6946080652469415
Holiday.1.pkl,0.5665201278228885,0.4723125417740895,0.6933701657458563
Youre_No_Good.pkl,0.5884345319255052,0.5838212973467776,0.6918751757098679
Sunday_Bloody_Sunday.pkl,0.46816186509599494,0.44490065384578537,0.6915030576118443
Wanna_Be_Starting_Something.pkl,0.6210638357726991,0.6460766082434489,0.6893382352941176
No_dottore.pkl,0.21542449887275208,0.30300349986877345,0.689209726443769
Ik_wil_altijd_bij_je_zijn_feat._Koos_Alberts_.pkl,0.31549842002121586,0.40170190229652675,0.6876499376259476
Sunshine_Superman.pkl,0.3562131953740797,0.352186154775848,0.6861435726210351
Non_siamo_in_pericolo.2.pkl,0.6068588618177948,0.5284983274505416,0.6855578811785542
Non_siamo_in_pericolo.pkl,0.6068588618177948,0.5284983274505416,0.6855578811785542
"Youre_The_First,_The_Last,_My_Everything.pkl",0.4754672982565644,0.5001677394501051,0.6853844648796713
Non_e.pkl,0.6212479699229893,0.5341344886718029,0.6851189550614213
4_Ever_2_Gether.pkl,0.7259573523961854,0.5966265432608489,0.6847781003732891
Nord_Sud_Ovest_Est.4.pkl,0.4942762581418054,0.45958543309359956,0.6846636771300448
If_I_Only_Had_the_Words_To_Tell_You_.pkl,0.36421050123408555,0.4925895897575339,0.6839378238341969
A_Banda.pkl,0.6111239590409394,0.5406896384646268,0.6822801590808661
Nord_Sud_Ovest_Est.1.pkl,0.490825452586478,0.45676964857670604,0.6811023622047244
We_Dont_Need_Another_Hero_Thunderdome_.pkl,0.6777650842411296,0.4999090683134711,0.6802383316782522
Honey.2.pkl,0.3475550101898588,0.4536531976844393,0.6797264830900018
Non_sei_tu_Si_jamais_.pkl,0.4535273415558201,0.4599554998675843,0.6793028322440087
Il_sopravvento.1.pkl,0.34438662206793375,0.39543886288784813,0.6790302153066763
Il_sopravvento.pkl,0.34438662206793375,0.39543886288784813,0.6790302153066763
Swayin_To_the_Music_Slow_Dancin_.pkl,0.391061899493434,0.42578061870990963,0.6788154897494305
We_Built_This_City.2.pkl,0.5062631912429084,0.5706444634798092,0.6786616161616161
Hound_Dog.4.pkl,0.5964268839274436,0.4938130199877904,0.6786102062975027
Waterfalls.1.pkl,0.5351360296146119,0.43226102475050865,0.6786008230452675
Waterfalls.pkl,0.5365401755499059,0.4334516148913278,0.6786008230452675
Waterfalls.2.pkl,0.5349932196229216,0.43203086137463564,0.6779835390946503
Waterfall_single_edit_.pkl,0.5349932196229216,0.43203086137463564,0.6779835390946503
A_Celebration.pkl,0.2537496496338825,0.2631993369505645,0.6779166666666666
Noi_due_nel_mondo_e_nellanima.1.pkl,0.4279774398346001,0.45566060455880675,0.6778752436647173
Noi_due_nel_mondo_e_nellanima.2.pkl,0.4279774398346001,0.45566060455880675,0.6778752436647173
Wannabe.pkl,0.4377961910383166,0.4531475365757361,0.6778135048231512
If_I_Ever_Lose_My_Faith_in_You.6.pkl,0.4780869822773789,0.44408596813522,0.6776071340104037
Norwegian_Wood.pkl,0.23532708715377482,0.2948329765350406,0.6770734783979817
50_Special.2.pkl,0.4814893209897634,0.4868666661202741,0.6770423643105967
If_I_Ever_Lose_My_Faith_in_You.8.pkl,0.4765595539632713,0.4428365536747687,0.6769516728624535
50_Ways_to_Leave_Your_Lover.pkl,0.4032403437445236,0.36559628712096015,0.6767701260911736
99_Ways_to_Die.pkl,0.40770158027876763,0.40586944668441244,0.6756756756756757
Wanna_Be_Starting_Something.1.pkl,0.5742470628480056,0.521634232943395,0.6752963737796374
Hollywood_remix_.pkl,0.6346092648633446,0.5209818676744932,0.675246531840214
If_I_Ever_Lose_My_Faith_in_You.5.pkl,0.4733300727583548,0.441088289083829,0.675092936802974
If_I_Ever_Lose_My_Faith_in_You.pkl,0.4733300727583548,0.441088289083829,0.675092936802974
Non_mannoio.pkl,0.10044703689236416,0.23069372231263344,0.6750407830342577
If_You_Only_Let_Me_In.pkl,0.2043775323279426,0.2358542439118263,0.6748178980228928
No_Excuses.2.pkl,0.11191639314325261,0.24872807031089753,0.6739449541284404
If_You_Think_You_Know_How_to_Love_Me.pkl,0.416053207261485,0.46556943551024577,0.6729582577132487
Wann_fangt_denn_endlich_d_Musi_an.pkl,0.5538714600073712,0.5260545216164446,0.6729137897021109
Il_mio_amore_per_te.pkl,0.5187576935184995,0.49707277319874155,0.6725826193390453
How_Am_I_Supposed_to_Live_Without_You.3.pkl,0.5405369046807843,0.43209751537390234,0.6725094297759041
Bailamos.pkl,0.6367786351593411,0.5337903814524719,0.6721782064530945
Supersonic.pkl,0.4690560976547952,0.5200281147626066,0.6719250677840769
We_Are_the_Champions.pkl,0.361356147729877,0.3907736158287038,0.671267252195734
Hit_The_Road_Jack.pkl,0.4531399197008557,0.5534639454646219,0.6699507389162561
Youve_Got_Your_Troubles.pkl,0.49347125828361543,0.40346615582211376,0.6698372437116888
Hold_Me_Tight.pkl,0.48662793674840565,0.4161317538030408,0.6696358396646581
If_I_Fell.1.pkl,0.5036108041178026,0.4849087812412319,0.6668761785040854
Nord_Sud_Ovest_Est.3.pkl,0.41197379598340417,0.40755532106884723,0.6661234836139779
Bakerstreet.1.pkl,0.6103540227782523,0.48321760937918556,0.6650105102235812
Il_cielo.1.pkl,0.09671970064594843,0.3060856577537769,0.6643581740148263
Il_cielo_in_una_stanza.pkl,0.46602842508867504,0.49977971924062997,0.6632443531827515
29_Settembre.pkl,0.186275901620811,0.35158007050964746,0.6628380881808077
50_Special.pkl,0.5129690020625347,0.40783921216451063,0.6616878816864101
Ill_Be_There.2.pkl,0.45334303960324035,0.43398681587612836,0.6610357857301623
100%_Pure_Love.1.pkl,-0.003090288054339418,0.20238811092690365,0.6610328638497652
Zombie.1.pkl,0.358191235249258,0.4191368885237243,0.6606429192006951
Zombie.3.pkl,0.358191235249258,0.4191368885237243,0.6606429192006951
War_Machine.pkl,0.5236700106361675,0.5069596717285009,0.6605222734254992
If_You_Love_Somebody_Set_Them_Free.1.pkl,0.6542563073324483,0.5369175923292937,0.6584419460750174
If_I_Needed_Someone.pkl,0.5868538265279648,0.48017207852255694,0.6579890136135658
If_I_Fell.3.pkl,0.29073332071860475,0.40119100059800417,0.6567679558011049
A_chi.pkl,0.45483705362905186,0.4502396595936934,0.6566692975532754
1950.pkl,0.1309831192067649,0.3620494007182103,0.6566377171215881
Holiday_medley_.pkl,0.6909308944192349,0.5510100223392776,0.655409208600698
7_Days_One_Week.pkl,0.25840303070654314,0.5334263645471492,0.6539132964794879
Not_a_Second_Time.pkl,0.23263609167811716,0.3707861098854775,0.653635652853792
Youre_Sixteen.pkl,0.3646981055297189,0.44904504827012515,0.6534623525854248
Non_ti_passa_piu.pkl,0.49973314208508124,0.554008493260539,0.6533297165332972
Hope_of_Deliverance.1.pkl,0.2453513548568068,0.3431875124178916,0.6532726813242355
No_Matter_What.pkl,0.4846388084705911,0.4089775162855619,0.6526150328665333
Hold_On_Im_Coming_.pkl,0.45419607673555756,0.42582196284597346,0.6521338655204175
Sunny_Came_Home.pkl,0.5734445874030875,0.45155571564096586,0.6516818610499843
HIStory.pkl,0.5239761611372911,0.4151612043048797,0.6513217866909754
Ill_Have_To_Say_I_Love_You_In_A_Song.pkl,0.3787363548307828,0.5165931133517739,0.6511044176706827
We_Built_This_City.pkl,0.4514165872557001,0.46175391872949595,0.6509686564813356
Sweet_Freedom.pkl,0.46838982380684097,0.49642966309188785,0.650091407678245
Nord_Sud_Ovest_Est.2.pkl,0.5128204663834215,0.47919158780475607,0.6496429539907801
Baker_Street.pkl,0.43251055885130046,0.5076791138169489,0.6495514411147165
Youve_Lost_That_Lovin_Feelin.4.pkl,0.4746573838551094,0.4434941726031121,0.6491853360488798
Il_Tuo_Bacio_E_Come_Un_Rock.3.pkl,0.5439635968485315,0.461922267222396,0.6491192549099007
Nord_Sud_Ovest_Est.pkl,0.5115704557118171,0.4775377710846922,0.6488321564367192
Nothing.pkl,0.5229196319173478,0.5118154056563549,0.6485252808988764
Histoire_de_faussaire.pkl,0.12393395278994858,0.23537871702237723,0.6483833718244804
Sweet_Hitch-Hiker.pkl,0.44128331154876344,0.45860947661293733,0.6482507793557326
No_Disco.pkl,0.46808035040703594,0.46919692029028587,0.6472972972972973
Honey.pkl,0.26154604438877405,0.418752343409365,0.6467441431470209
Wann_wirds_mal_wieder_richtig_Sommer.pkl,0.3473603199971464,0.5197627419898787,0.6464336324988191
No_Excuses.3.pkl,0.09153467391130911,0.24572441574038947,0.6463131583645777
Hot_Love.pkl,0.4054950514113789,0.4007285969316418,0.6449916327994263
Sweat_A_La_La_La_Song_.1.pkl,0.5922908653098242,0.5759573633512819,0.6446175637393767
Sweet_Georgia_Brown.pkl,0.41092468705455537,0.39650115404891284,0.6444780635400907
Non_vergognarsi_mai.pkl,0.5326810509054457,0.4634320901175867,0.644416456759026
Baker_Street.2.pkl,0.5415533876689217,0.5056248210704489,0.6443484521238301
1999.pkl,0.38746014071797463,0.4660927747559973,0.6427480916030535
No_One.pkl,0.5855857815927727,0.5118522036059858,0.6423476968796434
Sunday_Mornin_Comin_Down.pkl,0.22269024732763446,0.40587912251906205,0.6423231742380678
No_More_I_Love_Yous.pkl,0.529320438089119,0.47650737064370674,0.6414766558089033
Il_carnevale.pkl,0.512619092343543,0.4792078628493055,0.6410934744268078
No_More_I_Love_Yous.2.pkl,0.529336884819127,0.47481002815347595,0.6408695652173914
Nothin_Shakin.pkl,0.3648496471441619,0.42423283988376953,0.6407251824010612
50_primavere.pkl,0.4814393979466812,0.4570464351441378,0.6404199475065617
Sunday_Morning_Comin_Down_live_.pkl,0.23407198073364338,0.4019832671226517,0.6402815687401235
Hound_Dog.2.pkl,0.3496507063291676,0.48322574531226753,0.6395842172252864
If_You_Were_Me.pkl,0.5576579303540045,0.42584149577501373,0.6394379246448425
Zie_me_graag.pkl,0.45277012151538704,0.4490963058877954,0.6388595564941922
Swamp_Thing.pkl,0.48522348175315244,0.44308897916250123,0.6387318255250404
Hocus_Pocus.pkl,0.2248929127578354,0.3692841216648245,0.6380568839667757
Youre_Still_the_One.pkl,0.44092907633074085,0.40012981425798194,0.6376101860920667
50_Ways_to_Leave_Your_Lover.1.pkl,0.4507284856161439,0.46452882686429153,0.637223974763407
Non_e_mai_stato_subito.pkl,0.41901487868822046,0.48730766156836314,0.6369248035914703
Summer_Time.pkl,0.39392786376634475,0.4471974255113956,0.6368923515856468
If_You_Love_Somebody_Set_Them_Free.2.pkl,0.3253326791207088,0.4788655758493461,0.6368018145732918
Sunglasses_At_Night.pkl,0.33695565601982275,0.3455753808358011,0.6359555870540987
38_Years_Old.pkl,0.20261317559974423,0.27394614700254094,0.634923777469808
Surfing_With_the_Alien.pkl,0.37206996411959653,0.41207097781577096,0.6348460492147892
No_Excuses.1.pkl,0.05610544394043222,0.18773191620171512,0.6344509066028053
Honesty.4.pkl,0.18230972424868577,0.3406073635492326,0.6333608587943848
HIStory.1.pkl,0.28193495010151126,0.27053839107694805,0.6332781456953642
Il_cielo_dIrlanda.2.pkl,0.5244166720639316,0.4675124076305978,0.6330232121041256
If_You_Asked_Me_To.pkl,0.3337358711251667,0.41511921289794484,0.6329457364341086
Non_ti_sopporto_piu.pkl,0.4422623049739285,0.4554143712338709,0.6328907523876077
Sur_ma_vie.pkl,0.22511495172151855,0.4124395949981919,0.6323498639882821
Nocturne.pkl,0.4145803862574545,0.46277885182832623,0.6320147194112236
How_Am_I_Supposed_to_Live_Without_You.1.pkl,0.43130633125544765,0.3243467089899873,0.63088384693532
Ill_Be_Back.2.pkl,0.17239340106269324,0.36846777055820373,0.6302571257723739
Il_volo.2.pkl,0.5320375685280005,0.4413629250723115,0.6299168975069253
Hit_The_Road_Jack.1.pkl,0.4422543373083778,0.43473659830518613,0.629757785467128
"Youre_The_First,_The_Last,_My_Everything.1.pkl",0.40734230111237635,0.41981036436580077,0.6296799224054316
Youre_the_First_the_Last_My_Everyting.pkl,0.38299319035595697,0.45201346643204626,0.6294964028776978
If_I_Ever_Lose_My_Faith_in_You.4.pkl,0.4208768688030276,0.3973355361438885,0.6290630975143403
500_Miles.pkl,0.4119065394624523,0.40181748417683855,0.6289126853377265
No_More_Boleros.pkl,0.5157281071231378,0.4469108257516312,0.6288900414937759
Sweat_A_La_La_La_Song_.pkl,0.4988870548324562,0.5057842640502209,0.6283303730017762
Zooropa.1.pkl,0.40105137414528036,0.42138205405840007,0.6263784737538597
Zooropa.pkl,0.40105137414528036,0.42138205405840007,0.6263784737538597
We_Built_This_City.3.pkl,0.4590159825432191,0.4892566810568917,0.6262403528114664
We_Dont_Talk_Anymore.1.pkl,0.4590639598852857,0.6041419541487815,0.6255288110867979
Summertime.pkl,0.38223202327092404,0.42784144440230526,0.6254800833973444
Il_tempo_se_ne_va.pkl,0.4567060721886071,0.49436032801087415,0.6251843657817109
No_Time_No_Space.1.pkl,0.4884727961893116,0.4042332818101148,0.6249832102081935
Nobody_Does_It_Better.1.pkl,0.2463136631642304,0.3344456162867324,0.6247097073850442
Nothin_From_Nothin.pkl,0.21376580544082865,0.331467923330499,0.6247014670760832
No_Time_No_Space.pkl,0.48764778154077687,0.40326089851993263,0.624328678839957
Il_mare_impetuoso_al_tramonto_sali_sulla_luna_e_dietro_una_tendina_di_stelle....2.pkl,0.5394958476166227,0.5077202901597457,0.624216765453006
Il_mare_impetuoso_al_tramonto_sali_sulla_luna_e_dietro_una_tendina_di_stelle....3.pkl,0.5394958476166227,0.5077202901597457,0.624216765453006
If_You_Love_Somebody_Set_Them_Free.3.pkl,0.26391821760179257,0.447429083775692,0.623982869379015
If_You_Love_Somebody_Set_Them_Free.4.pkl,0.263304210365999,0.44709045215719684,0.62382176520994
Ho_in_testa_te.pkl,0.6259706008945358,0.4962234719215124,0.6238133984269053
Ill_Be_Alright_Without_You.pkl,0.13762484610300244,0.3674217737652529,0.6235422740524781
Ill_Be_on_Your_Side.pkl,0.2904109503644598,0.33199823599766315,0.623240589198036
Hits_Medley.pkl,0.3277462767979763,0.3516124664549465,0.6231367305501907
Zombie.4.pkl,0.3566077852790476,0.4671723937346649,0.6228607316690218
Honky_Tonk_Train_Blues.pkl,0.10827928877086943,0.31394608245487043,0.6226484691995574
Walking_on_the_Moon.pkl,0.44025437916286214,0.41270085936246986,0.6222399045156157
Hold_The_Line.1.pkl,0.2499025341589828,0.4130792136170668,0.6219091862730406
Hold_The_Line.2.pkl,0.2499025341589828,0.4130792136170668,0.6219091862730406
Walking_on_Sunshine.pkl,0.3833000530502439,0.47087899071301287,0.6210892236384704
Baila_Sexy_Thing_.pkl,0.6012903680492443,0.5180582950403121,0.6210665783371977
Want_Ads.pkl,0.44872722337966997,0.43580892654146663,0.6210159362549801
1000_Oceans.pkl,0.30963792320947203,0.421591092350673,0.6210025929127053
1979.2.pkl,0.12045471008029837,0.27813126197366594,0.6202127659574468
Non_ho_paura_del_mostro.pkl,0.3492860395509133,0.37810593528183356,0.6201773304577043
A_Day_in_the_Life.1.pkl,0.29970212871768115,0.38764127143668314,0.6199237155037021
No_Sugar_Tonight.1.pkl,0.3112675904336019,0.3837409784575772,0.6198547215496368
Non_siamo_in_pericolo.1.pkl,0.48808916765828253,0.5039585177599263,0.619785686949866
If_Tomorrow_Never_Comes.1.pkl,0.10933556362461498,0.2646552105769916,0.6193990511333685
If_Tomorrow_Never_Comes.2.pkl,0.10933556362461498,0.2646552105769916,0.6193990511333685
No_More_Boleros.1.pkl,0.48291298564673835,0.4225649413740472,0.6192660550458715
1979.1.pkl,0.12052098939282092,0.27627124293796484,0.6189361702127659
1979.pkl,0.12052098939282092,0.27627124293796484,0.6189361702127659
Waterloo_Sunset.1.pkl,0.34997695628878106,0.39942407921111395,0.6186800463141644
Ill_Be_Back.1.pkl,0.1697143510428332,0.36452193024889323,0.6184971098265896
Ill_Be_Back.pkl,0.1697143510428332,0.36452193024889323,0.6184971098265896
Ill_Follow_The_Sun.1.pkl,0.3040023278286168,0.40885223578980245,0.618458075407991
Ill_Follow_The_Sun.2.pkl,0.3040023278286168,0.40885223578980245,0.618458075407991
Ill_Follow_The_Sun.pkl,0.3040023278286168,0.40885223578980245,0.618458075407991
Suzie_Q.4.pkl,0.47762055918306406,0.4938718015005003,0.6176382361763824
Suzie_Q.5.pkl,0.47762055918306406,0.4938718015005003,0.6176382361763824
Suzie_Q.6.pkl,0.47762055918306406,0.4938718015005003,0.6176382361763824
Summertime_Blues.2.pkl,0.3584688729496908,0.3933621751697757,0.6172920065252855
Non_e_Francesca.1.pkl,0.14537756154788584,0.32004140840321804,0.6172428154935443
Suzie_Q.3.pkl,0.4759615619220892,0.49179836747376104,0.6172382761723828
Surfer_Girl.2.pkl,0.3640190791051526,0.4610514925171193,0.6164889253486464
Hound_Dog.3.pkl,0.22400078601172274,0.3978765537989191,0.6155826325725073
How.pkl,0.2819688337043122,0.3164046218927157,0.6154858521605615
Il_mio_nome_e_mai_piu.1.pkl,0.4175131069311846,0.3707760353891129,0.6154136758594635
If_I_Only_Knew.pkl,0.24636890809605966,0.3097269338940858,0.6151018693551775
Non_arriveranno_I_nostri.1.pkl,0.3250053228618897,0.4430795753577623,0.6148903478139405
Non_arriveranno_I_nostri.pkl,0.3251642526014887,0.4433028486089782,0.6148903478139405
No_Sugar_Tonight.pkl,0.3301617999480539,0.39622695153792625,0.6148148148148148
No_Excuses.pkl,0.07760842644277052,0.18350598831075735,0.6147739040386607
Il_Tempo_Non_Torna_Piu.1.pkl,0.49615764050003147,0.4300552341827601,0.6146063043196264
Holding_Out_for_a_Hero.2.pkl,0.5524682529466278,0.5095950883333216,0.6127326350045764
Wannabe.1.pkl,0.3184486183262852,0.40021152991731423,0.6127196238554813
24.000_baci.1.pkl,0.37998247512040456,0.49258414545462076,0.6125251785387291
24.000_baci.2.pkl,0.37998247512040456,0.49258414545462076,0.6125251785387291
40.pkl,0.174531473948251,0.3498734887413954,0.6124228114783872
Holiday.5.pkl,0.24092515449145654,0.34099849350408984,0.6123742079761461
Holiday.6.pkl,0.24092515449145654,0.34099849350408984,0.6123742079761461
Wasted_Years.pkl,0.289476591511103,0.37696357550591764,0.6121844410097887
50_Special.1.pkl,0.42926584708711985,0.4035545959655481,0.612116991643454
If_Looks_Could_Kill.pkl,0.25621383690571253,0.323068038756113,0.6120055197792088
No_Doubt_About_It.pkl,0.3708953208913403,0.4335955043767085,0.6117136659436009
Walters_Walk.pkl,0.6269023586576639,0.6242879818418431,0.6116378880127757
No_Rain.1.pkl,0.15846745442623847,0.313573266264261,0.6113431523411739
No_Rain.pkl,0.15846745442623847,0.313573266264261,0.6113431523411739
Il_mio_cuore_fa_ciock.1.pkl,0.4125085652912141,0.4428518973691449,0.6110565914295061
Il_mondo.pkl,0.449192319835524,0.4240486839919056,0.6109742441209407
Baker_Street.1.pkl,0.4932200278524825,0.4824574996992582,0.6101338144639904
Baker_Street.3.pkl,0.4932200278524825,0.4824574996992582,0.6101338144639904
Youre_Sixteen.1.pkl,0.30987784012341757,0.3544728865860114,0.6096069868995633
Survivor.pkl,0.43977393039508994,0.45011228766517547,0.6095622555821875
1979.4.pkl,0.11525855121076765,0.2539287898290841,0.609006734006734
Non_credere.pkl,0.14876988625744827,0.3662918113933429,0.6089927264712365
If_You_Leave_Me_Now.2.pkl,0.28520107181519083,0.36378660842848654,0.608673071929369
Holiday.4.pkl,0.2411787142014926,0.34124624202980824,0.6077773636476581
Was_A_Sunny_Day.pkl,0.4855721913959617,0.3870815191332533,0.6072331324129885
1999.5.pkl,0.4222934379074161,0.4621004390536719,0.6070660522273426
Honky_Cat.pkl,0.4151361924293844,0.4197269499088101,0.606981670811458
Il_ballo_del_potere.pkl,0.5602705497898252,0.5073131946286934,0.6067551266586249
Nothing.3.pkl,0.2801843280519512,0.4394890061980855,0.6066971080669711
We_Built_This_City.1.pkl,0.43940060839938005,0.4517259971338609,0.6065522129469207
If_You_Love_Me_Baby.pkl,0.34625681265463965,0.39998903852201473,0.6056387051862165
If_It_Makes_You_Happy.pkl,0.37736161455494266,0.4053927916549397,0.6045479755962285
If_I_Ever_Lose_My_Faith_in_You.7.pkl,0.2987726741296508,0.33844006819827066,0.6043074324324325
Sussudio.pkl,0.4302167586642178,0.5241508323917078,0.6042919628212138
Non_lasciarmi_mai_piu.2.pkl,0.336372508057913,0.534505514011651,0.6040441703714327
Non_lasciarmi_mai_piu.pkl,0.336372508057913,0.534505514011651,0.6040441703714327
Suzie_Q.1.pkl,0.4646353798772532,0.4320007555743112,0.6027522935779817
If_I_Said_You_Had_a_Beautiful_Body_Would_You_Hold_It_Against_Me_.pkl,0.273058456306927,0.3605393633984546,0.6026525198938992
Il_mio_cuore_fa_ciock.pkl,0.45684584438935877,0.4580547742138105,0.6021704605611434
Surfin_USA.2.pkl,0.30501107075052325,0.37433408745425323,0.602037169406719
If_Tomorrow_Never_Comes.pkl,0.11407591134965517,0.27107336406219285,0.602017937219731
We_Are_Family.1.pkl,0.4280564318495074,0.49239113391036854,0.6011819198211148
We_Are_Family.pkl,0.4280564318495074,0.49239113391036854,0.6011819198211148
Sunday_Sun.pkl,0.37542087568278476,0.4292947958588463,0.6009341998375305
Il_volo.pkl,0.4422821243650689,0.3850017250077882,0.6007554845270957
Sure.1.pkl,0.3026461205911044,0.3611778919238419,0.6005050505050505
Non_abbiam_bisogno_di_parole.1.pkl,0.17141114954761683,0.3418424019175214,0.6002267859392718
Sweet_Dreams_Hell_Outro.1.pkl,0.3457103156165741,0.3718945955221174,0.6001128031584885
Sweet_Dreams_Hell_Outro.pkl,0.3457103156165741,0.3718945955221174,0.6001128031584885
Non_dimenticarti_di_me.pkl,0.36927795386916934,0.3136199534113933,0.6
We_All_Fall_in_Love_Sometimes.pkl,0.29678438551406744,0.4372657968486623,0.5993953136810279
A_Better_Love.pkl,0.3698951349439953,0.3656543734957322,0.5992122776042375
Sundown.pkl,0.21421721611782066,0.3672000226322191,0.5991629853522437
Holiday.3.pkl,0.24280467239170225,0.32338615486554767,0.5987853247397125
Youve_Got_Love.pkl,0.34033028822223255,0.39087005216343984,0.5984147952443857
If_You_Were_There.pkl,0.36079433408762623,0.37824751568281534,0.5982199618563255
If_Tomorrow_Never_Comes.3.pkl,0.2043201901043528,0.3981090679466986,0.5979667282809612
50_primavere.1.pkl,0.3891757791672601,0.4350825863628331,0.5975956975640621
Non_credere.1.pkl,0.1748732691190624,0.32563271052600046,0.5975341259357111
24.000_baci.pkl,0.6074999653036337,0.5031027179068319,0.5964528668610302
Sweet_Caroline.6.pkl,0.23835517974061224,0.3588377694982742,0.5960493827160493
Northern_Lad.pkl,0.2486487192495565,0.2842662733362547,0.5952732644017725
"Honey,_Im_Home.pkl",0.5029390747571613,0.42969534442238627,0.5952077491715524
No_One_Else_Comes_Close.1.pkl,0.5032940667385297,0.44891314901803925,0.5951828206616366
No_One_Else_Comes_Close.pkl,0.5032940667385297,0.44891314901803925,0.5951828206616366
No_One_Knows.pkl,0.15267359915001327,0.2673805988727286,0.5921995224197399
If_You_Asked_Me_To.1.pkl,0.3187792785130916,0.33295132705400005,0.5918604651162791
If_You_Asked_Me_To.2.pkl,0.3187792785130916,0.33295132705400005,0.5918604651162791
Homburg.pkl,0.3161056350628401,0.38972805668041427,0.5911686334221545
25_or_6_to_4.2.pkl,0.278723359146442,0.31848566242392584,0.5910742086144266
Sunshine_of_Your_Love.pkl,0.5353773320316486,0.4418289290612146,0.5903879559930515
Sunshine_of_Your_Love.3.pkl,0.5346912175760691,0.44117207439796663,0.5897346773259182
Sweet_Dreams.pkl,0.3498833154342007,0.4324351255006128,0.5897273303741281
Honky_Tonk_Woman.2.pkl,0.5174663502641722,0.47935700662334146,0.5895012067578439
Surf_City.pkl,0.35263430663452555,0.44243686029339413,0.588716853532657
25_or_6_to_4.1.pkl,0.27524767373447484,0.30562359367278114,0.5886092371562014
25_or_6_to_4.pkl,0.27524767373447484,0.30562359367278114,0.5886092371562014
Walking_on_The_Moon.2.pkl,0.3846866308818243,0.3861328975383041,0.5879584232202393
Hound_Dog.1.pkl,0.30184933021551263,0.3660211448722108,0.5876089060987415
Non_parli_mai.1.pkl,0.14454250974240251,0.2934118644345299,0.5873195584489103
House_Arrest.pkl,0.3805056296132866,0.4521140158931394,0.587229763700352
If_There_Was_Any_Other_Way.2.pkl,0.4689000089463286,0.4646593437247438,0.5867608364492453
Il_tempo_di_morire.pkl,0.3115461500101251,0.4447916271908712,0.5865526878185106
If_You_Leave_Me_Now.4.pkl,0.27189013062869183,0.3230128866280627,0.585821864450792
Non_so_piu_a_chi_credere.pkl,0.13207276016220992,0.30133084244600994,0.5856925418569254
Sunday_Bloody_Sunday.5.pkl,0.4028428161708763,0.3836030680100456,0.58561872909699
Suzie_Q.7.pkl,0.2454962125910228,0.405582314565554,0.5850881762035866
Wanted_Dead_or_Alive.pkl,0.09048388700498856,0.15395247750504865,0.5838632750397457
Il_Tempo_Non_Torna_Piu.pkl,0.4732829521811646,0.40298481664176394,0.5837215320910973
Superstition.pkl,0.40639570117796336,0.4122782040856151,0.5834904389981147
Hold_Me_In_Your_Arms.pkl,0.36639560470846566,0.4755689381486297,0.5831457060147958
A_Change_Would_Do_You_Good.pkl,0.12457749974718452,0.25501348086831077,0.5826771653543307
Surrender.pkl,0.3833392117058291,0.4526557312215598,0.5826070114274646
Zoom.pkl,0.3889568701317057,0.45759855484073253,0.5819358634892615
Ik_wil_niet_dat_je_liegt.1.pkl,0.3686088212085172,0.3775277153987621,0.5816632112416494
Ho_messo_via.pkl,0.19470394001503752,0.29853565380025904,0.5816470588235294
Susanna.2.pkl,0.349437212887826,0.41902033184976223,0.581047743433464
Ik_heb_een_Euromast.pkl,0.07142573638390153,0.1857879450329682,0.5803957662218132
Ho_perso_le_parole.pkl,0.4043473069151095,0.38725253641247165,0.5794939577039275
Watermark.pkl,0.3653840273243018,0.43903010743658105,0.5791505791505791
Il_cielo_e_blu_sopra_le_nuvole.1.pkl,0.24678762309137173,0.3426138435422732,0.5787690570299266
"Hold_Me,_Thrill_Me,_Kiss_Me,_Kill_Me.4.pkl",0.1967148686870399,0.3012988110933463,0.5782885753299954
If_You_Cant_Give_Me_Love.pkl,0.08508375714650851,0.2631622559110622,0.578178521055813
Ill_Cry_Instead.pkl,0.07838901301785967,0.16043000980100025,0.5776634267200305
Honesty.3.pkl,0.2372825751523909,0.41412032870085774,0.5775134305448963
Not_Guilty.pkl,0.055388580159090844,0.2933747153068972,0.5769452449567724
No_Me_Dejes_de_Querer.1.pkl,0.02840521312125318,0.16144290576417428,0.5766259935072204
52nd_Street.pkl,0.09363266675455993,0.24290914483330459,0.5763546798029556
Superstition.3.pkl,0.39026813704302904,0.3968362142585235,0.5761776581426649
Superstition.1.pkl,0.3900012114488146,0.39647135333963096,0.5761001211142511
Superstition.2.pkl,0.3900012114488146,0.39647135333963096,0.5761001211142511
Holier_Than_Thou.1.pkl,0.37611022421388973,0.41887222595515766,0.5757107540173053
Holier_Than_Thou.pkl,0.37611022421388973,0.41887222595515766,0.5757107540173053
6th_Avenue_Heartache.pkl,0.14594477088366078,0.2378129595210049,0.5756885954928295
241.pkl,0.2506643644827382,0.3169021857872207,0.57523987830564
Hocus_Pocus.2.pkl,0.27231546984397115,0.3816833700174886,0.5747126436781609
Non_piango_piu.pkl,0.3835376760891992,0.354545738513174,0.574634996731314
15_Miljoen_Mensen.pkl,0.20563033859081695,0.2805076655922822,0.574315297261189
Hope_of_Deliverance.pkl,0.15116712541692384,0.3062254154070437,0.5741099539840155
Il_cielo_in_una_stanza.3.pkl,0.32993214966353585,0.43172624283705724,0.5726027397260274
19th_Nervous_Breakdown.1.pkl,0.37067645324910437,0.42425351821657425,0.5724517906336088
Sweet_Dreams.3.pkl,0.3993987556367035,0.411118922768628,0.571663379355687
Hotel_California.5.pkl,0.2748160242360392,0.36147587865837766,0.5712637650760357
Youve_Lost_That_Lovin_Feelin.1.pkl,0.3410120899283849,0.3557246231198121,0.5711530218602657
Supernaut.1.pkl,0.21225258240062428,0.32978335859489943,0.5711135611907387
Supernaut.2.pkl,0.21225258240062428,0.32978335859489943,0.5711135611907387
Supernaut.pkl,0.21225258240062428,0.32978335859489943,0.5711135611907387
Nobody_Does_It_Better.pkl,0.24037213753869996,0.32387966976770194,0.5708762886597938
Ik_Ga_Dood_Aan_Jou.pkl,0.1637350767806955,0.2632870949648865,0.5705024311183144
Hold_Me_Now.pkl,0.3194898632469974,0.3490578148594005,0.5704379562043795
Honey_Pie.5.pkl,0.2897568681632274,0.3908120313995033,0.5702600058428279
YYZ.1.pkl,0.34248194728516734,0.38804035561403466,0.5698601027094032
Hold_My_Hand.1.pkl,0.0634063111346183,0.20733346438957714,0.5696672411507357
Ill_Never_Break_Your_Heart.1.pkl,0.3594002893615742,0.381321836575094,0.5686216135754689
Ill_Never_Break_Your_Heart.2.pkl,0.3594002893615742,0.381321836575094,0.5686216135754689
Hold_On_Im_Coming_.1.pkl,0.32651235592079025,0.43276055226838145,0.568362480127186
Hot_in_the_City.pkl,0.4258748148181241,0.469951950453783,0.5670580964153276
Sweet_Caroline.pkl,0.34119554424213955,0.46645851571653757,0.5668565229183619
"Hold_Me,_Thrill_Me,_Kiss_Me,_Kill_Me.pkl",0.4703330914583452,0.37948290410598196,0.5667144906743186
Sunny.pkl,0.2359823707862492,0.355716665156298,0.5657342657342658
Holding_Out_for_a_Hero.1.pkl,0.25478490871412063,0.2836811798880444,0.5656707674282366
Sweet_Caroline.3.pkl,0.339384829139562,0.4651240197542468,0.5656071719641402
98-6.pkl,0.3867059583877537,0.4632520879176389,0.5655756466010529
Sweet_Dreams.2.pkl,0.4467810309312399,0.4847074845315972,0.5652975250131648
Not_as_a_Stranger.pkl,0.3183469313448742,0.45534494685903,0.5650396729983169
Surfin_Safari.1.pkl,0.44270082410812184,0.4943830231902018,0.5648718458176039
No_Me_Ames.pkl,0.4116903968893802,0.27631565306553657,0.5646563076112721
Honey_Honey.1.pkl,0.3924923136599709,0.496966426510467,0.5644950532014187
Not_That_Kind.pkl,0.3925841050251399,0.47500814032559363,0.5641139147115243
4_marzo_1943.1.pkl,0.3215376055498952,0.4040368893456589,0.5635249950602648
Hot_Stuff.1.pkl,0.3346324165573492,0.3980210904276298,0.5632430647291942
Youre_My_Mate.1.pkl,0.5704419613581799,0.4305815371767254,0.5631017434296123
We_Are_Family.2.pkl,0.35044025666575246,0.4020709101956488,0.5630091039770004
Suzie_Q.pkl,0.4640999872253963,0.3815173170897708,0.562766346036771
Walking_On_Sunshine.1.pkl,0.38697742116380035,0.4838329183435871,0.5626830487891993
Youre_My_Mate.pkl,0.5347882265706085,0.4728013293117401,0.5626428649178187
Sunday_Bloody_Sunday.3.pkl,0.327351815808347,0.3246167814071926,0.5622107629247654
Surfin_Safari.pkl,0.457141611164344,0.5073813648429059,0.5618915159944368
Youve_Got_to_Hide_Your_Love_Away.pkl,0.300687052229909,0.3904195866173306,0.5612678778507925
Sunday_Bloody_Sunday.4.pkl,0.3271435226922653,0.32276172409859133,0.5611140443505808
Il_Tuo_Bacio_E_Come_Un_Rock.pkl,0.21267225810354096,0.3147605094334608,0.5607081008274004
If_I_Fell.4.pkl,0.21763437867925683,0.36841095757817777,0.5603162927546892
If_I_Fell.5.pkl,0.21763437867925683,0.36841095757817777,0.5603162927546892
If_I_Fell.6.pkl,0.21763437867925683,0.36841095757817777,0.5603162927546892
Ik_meen_t.pkl,0.28854094957074333,0.42022254058500547,0.5596908101918122
Ik_kan_het_niet_alleen.pkl,0.4185447473147422,0.39895830575172286,0.5592492085029398
How_Am_I_Supposed_to_Live_Without_You.2.pkl,0.2787114793369164,0.3947674883543514,0.558983666061706
Ik_meen_t.1.pkl,0.15203064605541486,0.2953274047539515,0.558862609619984
Il_giorno_di_dolore_che_uno_ha.pkl,0.3132483410009125,0.3477458134727052,0.5585464333781965
Hot_Blooded.pkl,0.37491515085882343,0.36342669910741227,0.5582489997646505
Hotel_California.8.pkl,0.21580711417451615,0.2867137206363364,0.5571314741035857
Il_mare_impetuoso_al_tramonto_sali_sulla_luna_e_dietro_una_tendina_di_stelle....1.pkl,0.39185833446180135,0.5157882651460816,0.5566037735849056
Ill_Always_Love_You.pkl,0.24627661115675026,0.3761459872858199,0.5561273721453843
Summertime_Blues.1.pkl,0.31925529370431216,0.35087385696600776,0.5559801299197554
Hot_Legs.pkl,0.27356740381691047,0.38973883174064083,0.555319969159599
Hole_in_My_Soul.pkl,0.3488278807465253,0.3590552940299313,0.555
Yummy_Yummy_Yummy.pkl,0.18794395294376,0.3998455503602355,0.5547045951859956
No_Me_Dejes_de_Querer.pkl,0.48319505526837603,0.3591429233836633,0.5534395647104547
War_Pigs.1.pkl,0.4147024190182176,0.3650063150637243,0.5532608695652174
War_Pigs.pkl,0.4147024190182176,0.3650063150637243,0.5532608695652174
Horses_Through_a_Rainstorm.pkl,0.27308464729270165,0.3403033922420074,0.5532192764790388
Suzie_Q.2.pkl,0.46855320574015236,0.39049044593359383,0.5530423070828712
Hound_Dog.pkl,0.2715465556488173,0.35071413600314033,0.5527741453390622
Ill_Cry_Instead.1.pkl,0.0834964583220215,0.18539407858722295,0.5526967791118734
Il_nostro_caro_angelo.1.pkl,0.03097763756201629,0.21967453512443613,0.55255382017729
If_You_Dont_Know_Me_by_Now.pkl,0.19392439636344044,0.2807254531609206,0.5521962350256703
Non_mi_tenere_il_Broncio.pkl,0.15339284440387296,0.30478440409848623,0.5520289272800322
Norwegian_Wood.1.pkl,0.17066772305960443,0.2922025757782399,0.5520219866509619
Noi_due_nel_mondo_e_nellanima.pkl,0.21405077393707791,0.3580813071686668,0.5517866390471259
Ill_Be_There.1.pkl,0.09637471595335506,0.3147305804100714,0.5515811301192327
Youre_So_Cold.pkl,0.271619145175141,0.35401752862604075,0.5513933302878027
Walking_In_Memphis.pkl,0.279575128405719,0.3595977736774261,0.5508237232289951
No_One_Can.pkl,0.43088753909462446,0.5799660057007876,0.5506877990430622
Ziplock.pkl,0.30786011101885985,0.3300869144444734,0.5506849315068493
Way_Down_the_Line.pkl,0.2851910777895596,0.385307355713018,0.5495201883034583
1999.1.pkl,0.3724200371283018,0.531675892799259,0.5482860622933704
1999.4.pkl,0.37157027813905275,0.5315953414344966,0.5476563861299878
No_More_Lonely_Nights_Ballad_reprise_.pkl,0.433860662845277,0.4362147293765566,0.5469613259668509
If_You_Could_Read_My_Mind.pkl,0.17780263890737552,0.30243865195422376,0.5467791411042945
If_Loving_You_Is_Wrong_I_Dont_Want_to_Be_Right_.pkl,0.2379413859871739,0.37509867023774285,0.5457236842105263
Holiday.pkl,0.3801052374569168,0.38055394982340857,0.5451388888888888
Il_tavolino.pkl,0.3527708850515081,0.45356959249290646,0.5446477334789732
1492_Conquest_of_Paradise.4.pkl,0.24794555286934558,0.3213842117465522,0.5444778006004108
Hold_The_Line.pkl,0.24757767616387794,0.40853124344862,0.5438333583096059
Il_materasso.pkl,0.344474469912959,0.3776534010248411,0.543099598034837
Wann_fangt_denn_endlich_d_Musi_an.1.pkl,0.3484671050955398,0.4953524024248889,0.5428836346777932
Nothing_Bout_Me.pkl,0.23055975071659351,0.26584692059605214,0.5426190476190477
Il_volo.1.pkl,0.3168532327344431,0.3964924170636264,0.5425621932645117
No_Son_of_Mine.pkl,0.33618550340833075,0.45949102915420426,0.5423838908736602
We_Are.pkl,0.24140516153383648,0.2837097122068767,0.5423445339820587
Watcher_of_the_Skies.pkl,0.18183745005548255,0.2911623216230076,0.5421962670330929
No_Son_of_Mine.1.pkl,0.3357194563951772,0.4595787221865262,0.5417072379097696
No_Son_of_Mine.2.pkl,0.3357194563951772,0.4595787221865262,0.5417072379097696
No_Son_of_Mine.3.pkl,0.3357194563951772,0.4595787221865262,0.5417072379097696
Waterloo_Sunset.pkl,0.13844156334464483,0.3042602925529194,0.5414272030651341
Warum_immer_ich.pkl,0.28898315198730945,0.46882818590353476,0.5413024085637823
Il_mio_sbaglio_piu_grande.pkl,0.3476469963227862,0.3551405692356444,0.5411589895988113
Sweet_Home_Alabama.pkl,0.217557764944258,0.263545979459595,0.539377445143732
Sunday_Morning.pkl,0.2563080105672691,0.40793869415304806,0.5385920271416454
1999.2.pkl,0.24460685784751637,0.32459323801248285,0.5384218225626022
Norwegian_Wood.3.pkl,0.066481721419165,0.1952906058413553,0.5377026074700493
Water_From_a_Vine_Leaf.pkl,0.39474746788885356,0.4624552052752839,0.5376222011983601
Watermelon_Crawl.pkl,0.3158778589300382,0.3929944811610353,0.5375257346060266
Hotel_California.9.pkl,0.20845722303335285,0.28186592875032196,0.5373078829945463
Sweet_for_My_Sweet.pkl,0.44523130124172366,0.5361121278829043,0.5364033491081179
Sweet_Caroline.2.pkl,0.24142102297047224,0.286163940123451,0.5361710250047719
Il_coraggio_che_non_ce.pkl,0.3117144375646039,0.27976830753405607,0.53584229390681
Ho_perso_le_parole.1.pkl,0.27019471681183926,0.3363865394372693,0.535840188014101
Honey.1.pkl,0.3250676828808639,0.34890917333479954,0.535607420706164
Sweet_Dreams.1.pkl,0.33826832483696573,0.3844188516467391,0.535475234270415
Ill_Be_There_For_You.pkl,0.3608994922665629,0.30128328189854264,0.535288928098809
Hotel_California.pkl,0.224700769393113,0.2884919428923583,0.5351935646053293
Il_portiere_di_notte.1.pkl,0.19665120473720457,0.2878484431929679,0.5344251336898396
Zombie.pkl,0.38832121145559423,0.4069424653910133,0.5339168490153173
Il_cielo_e_blu_sopra_le_nuvole.2.pkl,0.25281198972239977,0.3617951728947483,0.5337013364323068
26_Miles_Santa_Catalina_.pkl,0.1130194071343451,0.3373607790458405,0.533360961458765
Holler.1.pkl,0.4087416439016902,0.4203696057721977,0.5328723093406058
Holler.2.pkl,0.4087416439016902,0.4203696057721977,0.5328723093406058
Hot_Child_in_the_City.pkl,0.13584273580046505,0.27523783512892624,0.5328441649196366
Ik_dacht_dat_het_uit_was.pkl,0.1628424390304591,0.2844040232799837,0.532579185520362
Holler.pkl,0.4094687373014314,0.4203578217016175,0.5322314049586777
Summer_Song.pkl,0.3419140399845709,0.4262601118408485,0.5317347120698876
Summertime_Blues.pkl,0.07147369934004492,0.2174471607761321,0.530840400925212
Supplique_pour_etre_enterre_a_la_plage_de_Sete.pkl,0.2808248481995332,0.4470987750429594,0.5298516463635267
Ik_kan_echt_zonder_jou.pkl,0.2364231098256391,0.2535213524975637,0.5289624443029918
Non_e_Francesca.pkl,0.24523184620775007,0.3644343297948647,0.528960223307746
Suspicious_Minds.2.pkl,0.25602146444885054,0.33897391168408153,0.5287539936102237
Not_Enough.pkl,0.035518387290186804,0.2122057494633203,0.5287081339712919
If_Its_Over.pkl,0.2502245495704167,0.32960867627655743,0.5271406727828746
Non_dormire_piu.pkl,0.3797408496318559,0.4697800566690045,0.5267057201929704
Ik_ga_door.pkl,0.20812830531297838,0.3198190243114436,0.5257461683248185
Il_carrozzone.pkl,0.3524155002724973,0.4235647162723679,0.5254813137032842
Zero.1.pkl,0.15107968149087392,0.31145576263233493,0.5250350959288722
Zero.pkl,0.15107968149087392,0.31145576263233493,0.5250350959288722
Suspicious_Minds.5.pkl,0.26055821721695765,0.32627075458710336,0.5247602270503033
House_of_Fun.pkl,0.2631121962876496,0.346674358880501,0.5246017699115044
Wasted_Time.1.pkl,0.13628166495446462,0.29096771467701066,0.5236882322975038
Wasted_Time.pkl,0.13628166495446462,0.29096771467701066,0.5236882322975038
YYZ.pkl,0.0617621943977409,0.16689599191575394,0.5234301780693533
Il_Tuo_Bacio_E_Come_Un_Rock.1.pkl,0.33013994755650833,0.3948307642821604,0.522342064714946
Il_Tuo_Bacio_E_Come_Un_Rock.2.pkl,0.33013994755650833,0.3948307642821604,0.522342064714946
Zing_Went_the_Strings_of_My_Heart.pkl,0.21253340587479982,0.3463614478782444,0.5218344292699376
A_Big_Hunk_O_Love.pkl,0.22683874781221547,0.3331891467320418,0.5218249075215783
Nobody_Else.pkl,0.4369706406640233,0.42556288276313714,0.5213675213675214
YYZ.2.pkl,0.18230028682678218,0.22784662312866924,0.5211418759390427
Suspicious_Minds.1.pkl,0.25456756029169303,0.3280566694818094,0.5205114544485882
Ik_zag_het_licht.pkl,0.26254710376145207,0.3605793648486248,0.5197047267531849
We_Are_The_Champions.4.pkl,0.2917857412266107,0.32727935686559495,0.51947551099113
Hot_Stuff.2.pkl,0.3716359921069191,0.4805414235661384,0.5192997560625627
No_Place_to_Hide.1.pkl,0.10216310730098209,0.2532340524899342,0.5189075630252101
Non_ce_piu_niente_da_fare.pkl,0.2596017048867091,0.3467909109756223,0.5181040157998683
Youre_Still_the_One_Something_About_the_Way_You_Look_Tonight.pkl,0.25008385308276754,0.33878979115419233,0.5175163771005411
Il_mare_dinverno.pkl,0.1754730793273517,0.2728685102168219,0.5163411717815863
2_X_4.pkl,0.22876876376827315,0.3413670080372573,0.5162594480576551
Youve_Lost_That_Lovin_Feelin.2.pkl,0.2757946211953662,0.3958706698645168,0.5158675005791059
No_Me_Ames_feat._Marc_Anthony_Tropical_remix_.pkl,0.27174513962317803,0.38146882593392367,0.5150435471100554
Il_giocatore_di_biliardo.pkl,0.2970359621704264,0.39690848724856703,0.5147403685092127
Hold_My_Hand.pkl,0.14696476020064672,0.25555300537440334,0.5145881006864989
How_About_Us.1.pkl,0.21339908406418953,0.3472061956525997,0.5143241684291482
Il_cielo_in_una_stanza.1.pkl,0.3487813640083883,0.4646738133446604,0.5142857142857142
Suspicious_Minds.4.pkl,0.2509100622839714,0.3212131287663385,0.5135342676137454
Il_cielo_in_una_stanza.2.pkl,0.2909700839442743,0.37487161182464124,0.5134393856280856
Hot_Girls_in_Love.pkl,0.30877435634278455,0.4296923191041779,0.5120832816953774
Noisy_Nights.pkl,0.284719517073034,0.39193941512230124,0.5120481927710844
Il_tangaccio.pkl,0.2970569663513756,0.35533970956856425,0.5118577075098815
Hot_Girls_in_Love.1.pkl,0.30772957153223485,0.429631274455217,0.5114494368114866
Sunday_Bloody_Sunday.2.pkl,0.19549625663667602,0.24972367723551622,0.5110998350881644
Il_sospetto.pkl,0.23847087233326858,0.3339998975082439,0.5106181266590822
Non_gioco_piu.pkl,0.25575892050030963,0.36624052578421673,0.509325681492109
Il_sole_e_la_luna.1.pkl,0.3009578803757503,0.3156836086786376,0.5085590825993019
Il_sole_e_la_luna.pkl,0.3009578803757503,0.3156836086786376,0.5085590825993019
Il_veliero.pkl,0.14822308042932894,0.2987856762130015,0.50844327176781
No_Milk_Today.pkl,0.2450130602928763,0.34566481429747015,0.5082948055480011
Il_mare_impetuoso_al_tramonto_sali_sulla_luna_e_dietro_una_tendina_di_stelle....pkl,0.17704255859885631,0.3120039032592219,0.5080538684974915
We_Close_Our_Eyes.pkl,0.3950420447386472,0.44229625347216217,0.5078751857355126
Baila.pkl,0.15616644001931362,0.3074375223733724,0.507707412862052
1492_Conquest_of_Paradise.1.pkl,0.08631418374354186,0.24510392951134802,0.5072687905969687
Hoe_Down.pkl,0.24799338694786544,0.3126693713452506,0.5070786655176659
Il_nostro_caro_angelo.2.pkl,0.12536069481473694,0.1767728274501292,0.506880301602262
Zanzibar.pkl,0.19291103814654398,0.3523854091545707,0.5067312055664801
Il_vecchio_e_il_bambino.pkl,0.2803171630447862,0.38976643601492744,0.5064846416382253
Ho_Difeso_Il_Mio_Amore.pkl,0.21821484011662468,0.30074234692400287,0.506247997436719
Ill_Be_Around.pkl,0.14614534877365176,0.3164214413921736,0.5061375963459892
Holy_Smoke.pkl,0.13851702433881977,0.19507966145975686,0.50520381613183
Hotel_California_unplugged_.pkl,0.15089099271723747,0.2200896683823518,0.5051809341622828
Honey_Pie.2.pkl,0.08199653153272159,0.25069634961951465,0.5043478260869565
iieee_remixed_version_.pkl,0.26886572259976443,0.26957634408416414,0.5041322314049587
Hot_Blooded.1.pkl,0.07886844870385408,0.20828952219404656,0.5035087719298246
Hot_Stuff.pkl,0.3530827568165671,0.4613216753180855,0.5030555969593083
No_Son_of_Mine.4.pkl,0.2312610521045881,0.39997558431642594,0.5029556156697725
Honey_Pie.7.pkl,0.07766315842130596,0.24267024924334926,0.5027777777777778
Honey_Pie.1.pkl,0.07365926846578515,0.23790350690012804,0.5027685492801772
Honey_Pie.6.pkl,0.07365926846578515,0.23790350690012804,0.5027685492801772
Honey_Pie.pkl,0.07365926846578515,0.23790350690012804,0.5027685492801772
We_Are_the_World.pkl,0.22956125167443606,0.32523827621643686,0.5027251864601262
Youre_the_Best_Thing_That_Ever_Happened_to_Me.pkl,0.25210368606667155,0.24997649116168885,0.5026428391643595
Wanderlust.pkl,0.21547581313348188,0.2723174065191261,0.501859799713877
Baila_Me.pkl,0.07562455201495753,0.2208376372052637,0.5006801178871004
Hold_On.pkl,0.17122863874135838,0.31791996613508444,0.5004587997797761
Norwegian_Wood.4.pkl,-0.0013007803346210419,-0.0036151664049592523,0.5
Ill_Be_Good_To_You.pkl,0.37415230041420783,0.3448118567281433,0.4999434325149904
Sundown.1.pkl,0.22927619461489962,0.38320669284854714,0.4997020854021847
Non_sono_una_signora.1.pkl,0.19255939249574522,0.31201905665155566,0.499457111834962
Non_sono_una_signora.pkl,0.19255939249574522,0.31201905665155566,0.499457111834962
Youre_The_Devil_in_Disguise.pkl,0.15761284184583485,0.1732975371085856,0.49936655405405406
Non_dimenticarti_di_me.1.pkl,0.2415436789522221,0.3017313550714778,0.4991037131882202
Il_cielo_dIrlanda.1.pkl,0.18958811476231544,0.3533780425157642,0.49882695574791686
Il_cielo_dIrlanda.pkl,0.18958811476231544,0.3533780425157642,0.49882695574791686
Sweet_Home_Alabama.1.pkl,0.1478642360716366,0.2964469327895796,0.4986072423398329
Surfin_USA.pkl,0.34578065735062763,0.4623959739313881,0.4975728155339806
Il_vento.pkl,0.2325691043321902,0.3186384469169433,0.49627263045793396
Il_portiere_di_notte.pkl,0.1784435580046435,0.29851775993796764,0.4958579881656805
Sunshine_of_Your_Love.1.pkl,0.2453163657759874,0.3122477867685521,0.4950017850767583
Hollywood.1.pkl,0.13966302347560222,0.26374041211102744,0.494140838900449
Ik_bel_je_zomaar_even_op.pkl,0.23365629127607684,0.4016603646056971,0.493455098934551
Ill_Do_Anything_for_Love_But_I_Wont_Do_That_.pkl,0.09859179954380096,0.24389683247328373,0.4927950594693504
Hollywood.pkl,0.1378222790982289,0.26246264600800234,0.49195049830248605
How_About_Us.pkl,0.1643848111588479,0.27442367630217496,0.4919221892515661
Surfer_Girl.1.pkl,0.2632009231121844,0.25733628010758014,0.49166666666666664
Surfer_Girl.pkl,0.2632009231121844,0.25733628010758014,0.49166666666666664
Supermans_Dead.pkl,0.2783199925398667,0.2972710024108634,0.4902686567164179
Baggy_Trousers.pkl,0.2545231503931031,0.35576069453566095,0.4898936170212766
Il_silenzio_della_colomba.1.pkl,0.3518380074597612,0.26999103709969724,0.4895018014660206
Il_silenzio_della_colomba.pkl,0.3518380074597612,0.26999103709969724,0.4895018014660206
"Hold_Me,_Thrill_Me,_Kiss_Me,_Kill_Me.1.pkl",0.20792449007889646,0.32326819709578086,0.48942358540454783
Ik_wil_niet_dat_je_liegt.pkl,0.2387018229131017,0.3204690523352015,0.48861911987860396
Ill_Go_Where_Your_Music_Takes_Me.1.pkl,0.20265903197846769,0.32263933075993956,0.4883605745418524
Susanna_e_basta.pkl,0.13341516294828087,0.3115744990844811,0.4877545759216293
No_Time.pkl,0.13840959019907403,0.28608579717367716,0.487741091860085
Summertime_From_Porgy_and_Bess_.pkl,0.22741348816667253,0.30851133502779843,0.4876977152899824
No_Time.2.pkl,0.1383826823955925,0.28520758885672903,0.48757763975155277
We_Are_The_Champions.9.pkl,0.12148855367428643,0.2420625320387713,0.4873889875666075
Honey_Pie.4.pkl,0.037951804158138,0.21060435128622548,0.4869459623557984
Hopelessly_Devoted_to_You.1.pkl,0.1897281207695018,0.35278290124668443,0.48691905201600494
Hopelessly_Devoted_to_You.2.pkl,0.1897281207695018,0.35278290124668443,0.48691905201600494
Hopelessly_Devoted_to_You.pkl,0.1897281207695018,0.35278290124668443,0.48691905201600494
No_Remorse.pkl,0.1625583207369827,0.2807050326545364,0.48688242052853314
Sweat_A_La_La_La_Song_.2.pkl,0.24734935186062076,0.38635151273060697,0.48614834673815904
If_You_Dont_Know_Me_By_Now.2.pkl,0.1327185684560303,0.2456036165377633,0.4860234445446348
Il_mio_canto_libero.1.pkl,0.10832568034490672,0.31745044159025926,0.4859104901728629
Il_mio_canto_libero.2.pkl,0.10832568034490672,0.31745044159025926,0.4859104901728629
Hoe_Down.1.pkl,0.32378031958670356,0.3810251842292653,0.4853967433445335
If_Not_for_You.pkl,0.09545607819186187,0.2127208968132356,0.48455329807959924
Il_cielo.pkl,0.009652063175418845,0.24136194101323188,0.48348457350272234
24_mila_baci.pkl,0.23023266436125497,0.3615262158120714,0.4831507132520157
3-Tage-Bart.pkl,0.2930575892383737,0.4239106695557214,0.483107132544037
If_This_Is_It.pkl,0.23956298600794176,0.33451547517392627,0.48289554062309104
Ik_weet_het_niet.pkl,0.114216373769051,0.34647801979170345,0.48262640786005273
No_Place_to_Hide.pkl,0.10715684919163936,0.26711197606176623,0.48250289687137893
Ill_Be_There_For_You.1.pkl,0.2460790450712008,0.28857651013044155,0.48244348244348245
No_Quarter.1.pkl,0.17775512386007494,0.3165763989026979,0.48214942951785056
No_Quarter.2.pkl,0.17775512386007494,0.3165763989026979,0.48214942951785056
No_Quarter.pkl,0.17775512386007494,0.3165763989026979,0.48214942951785056
Il_nostro_caro_angelo.pkl,0.07037135593439572,0.21761578003236634,0.4815043156596794
Sunday_Bloody_Sunday.6.pkl,0.24583082309421392,0.3054837387822359,0.48144712430426717
No_Surprises.pkl,0.21257780777514873,0.3203841118866339,0.4803444402845376
Il_mio_canto_libero.pkl,0.10877070105521858,0.3156930172315551,0.48022732654511013
Sunday.pkl,0.20003313225112798,0.32223670574226443,0.4801722591064059
A_Day_in_the_Life.3.pkl,0.2283694341927486,0.34209307696390256,0.47978386435625114
Summer_of_69.7.pkl,0.3682471056476243,0.511044195905454,0.4790580319596299
Non_sono_un_cantautore.pkl,0.2830991811155646,0.3527785247100032,0.47859960552268244
Hollow.pkl,0.043990674453738596,0.1422143115373187,0.47752712243843637
Houses_of_the_Holy.pkl,-4.214926110324079e-05,0.18559622867996647,0.47747156605424323
If_Only.pkl,0.17268380609143408,0.2891345214007908,0.4769392033542977
Holding_Back_The_Years.3.pkl,0.17567938847262998,0.2923478510824987,0.47653061224489796
Holding_Back_The_Years.4.pkl,0.17567938847262998,0.2923478510824987,0.47653061224489796
Il_problema_piu_importante.pkl,0.196807108360897,0.26922605333148136,0.4763572679509632
Ziggy_Stardust.1.pkl,0.07930008938598171,0.20112648144871517,0.4761974512963234
29_settembre.1.pkl,0.24930195780998143,0.3215564691726288,0.47571011414919034
Ziggy_Stardust.pkl,0.07974516155672909,0.2002023105029322,0.47515346389944463
Honky_Tonk_Attitude.pkl,0.23367837644907974,0.33264580446851627,0.4746811466094204
We_Die_Young.pkl,0.08258339978221167,0.1878553551799238,0.4720541117835529
Holy_Lamb_Song_for_Harmonic_Convergence_.pkl,-0.012954274720691477,0.24449330394220425,0.47166186359269935
Sun_King.1.pkl,0.04184203875051532,0.1661397163402278,0.4712771890686001
Sun_King.pkl,0.04184203875051532,0.1661397163402278,0.4712771890686001
Nothing.1.pkl,0.3298833381081048,0.46613009134044814,0.4703166226912929
Nothing.2.pkl,0.3298833381081048,0.46613009134044814,0.4703166226912929
We_Are_The_Champions.1.pkl,0.12765785409211208,0.25353020886808075,0.4695960940967599
We_Are_The_Champions.8.pkl,0.12765785409211208,0.25353020886808075,0.4695960940967599
Norwegian_Wood.2.pkl,0.12812593792959182,0.1849031740003545,0.4671218109953288
Hot_Child_in_the_City.1.pkl,0.27027429876459536,0.35959109747701484,0.4661144578313253
Ik_wil_met_jou_wel_even_poolen.pkl,0.14479695163288006,0.2824895055129587,0.46575598802395207
A_Campfire_Song.pkl,0.14229675581256787,0.3153005156108371,0.46556570625439214
Not_My_Idea.pkl,0.12688701126578023,0.3148286904871802,0.4653751626427642
Summer_Saturdays.pkl,0.3195558564101062,0.35234595404349833,0.4647558740209965
Sunshine_Reggae.1.pkl,0.25681179401265997,0.36759648870460476,0.46441697293685263
Sunshine_Reggae.pkl,0.25681179401265997,0.36759648870460476,0.46441697293685263
Il_coraggio_delle_idee.1.pkl,0.14306209547684676,0.2629773178183258,0.4643740722414646
Nobody_Knows_You_When_Youre_Down_Out.pkl,0.2390777253045045,0.3839528159033348,0.4643506146445751
Honey_Honey.pkl,0.18659576551815632,0.2780086564704466,0.46434894575889263
Ik_droom_alleen_maar_van_jou.pkl,0.21906574783865673,0.31863109200048495,0.4639054246667226
Super_Trouper.3.pkl,0.1042245079337347,0.319291297020604,0.4634031904910854
Non_succedera_piu.pkl,0.35206338214550537,0.3624822041851351,0.46308403763355127
A_Different_Beat.pkl,0.1786957155703963,0.27504253758721825,0.46285140562248994
Il_grido.pkl,0.18673915318712384,0.3189576428234011,0.45986675126903553
Youve_Lost_That_Lovin_Feelin.3.pkl,0.14614960788349846,0.21584678083239947,0.4597789771267026
Surfs_Up.pkl,0.05756364748247166,0.22263894398471093,0.4593607305936073
No_Particular_Place_To_Go.pkl,0.21938845329485385,0.347870539062794,0.45869262865090404
Sweet_Home_Chicago.1.pkl,0.18927608754665542,0.3041578403188384,0.45867768595041325
Summer_of_69.2.pkl,0.20314232652674744,0.3408287794118704,0.45831578947368423
Notbush_City_Limits.pkl,0.2745792230469412,0.4173886466417231,0.45794392523364486
1979.3.pkl,0.0747892075096374,0.10077623820491045,0.4567974048953111
Nookie.pkl,0.22891708760453097,0.2385982602984656,0.4563710255797275
Suspicious_Minds.pkl,0.2294487406324023,0.2967389144031914,0.4560095436922159
"If_You_Must_demo,_1988_.pkl",0.1254781917828815,0.14741965443796332,0.45585585585585586
A_Day_in_the_Life.2.pkl,0.20020997521143424,0.32938398278228376,0.4543478260869565
Supreme.1.pkl,0.24362465797002655,0.34961877779650774,0.4542962698128948
Supreme.2.pkl,0.24362465797002655,0.34961877779650774,0.4542962698128948
Supreme.pkl,0.24362465797002655,0.34961877779650774,0.4542962698128948
Honesty.6.pkl,0.08080251078845732,0.19160233365734278,0.4531923227575401
Swear_It_Again.pkl,0.26014179738590937,0.2916888802191727,0.4529229177444387
Nobody_Else_single_remix_.pkl,0.23278563132941182,0.3420731500049761,0.4513338139870223
Hots_On_for_Nowhere.pkl,0.05161667704535677,0.207794609001776,0.4493006993006993
Youve_Made_Me_So_Very_Happy.pkl,0.20906038500206683,0.28372089053188526,0.44927804516845615
Holding_Back_The_Years.2.pkl,0.17478340489145489,0.2845337213850128,0.4490266393442623
Holding_Back_The_Years.pkl,0.17478340489145489,0.2845337213850128,0.4490266393442623
We_Are_The_Champions.2.pkl,0.11590453748310305,0.2141526464198235,0.4482911673324456
We_Are_The_Champions.3.pkl,0.11590453748310305,0.2141526464198235,0.4482911673324456
We_Are_The_Champions.7.pkl,0.11590453748310305,0.2141526464198235,0.4482911673324456
Hotel_California.2.pkl,0.14337946043331304,0.3256612751201351,0.4456381607219596
Susanna.pkl,0.19396346624449243,0.33798944622189253,0.4454988796625807
A_Certain_Smile_from_A_Certain_Smile.pkl,0.24288940456603422,0.3639637463609083,0.44460028050490885
A_Day_in_the_Life.pkl,0.08123623554765418,0.272692620968684,0.44422657952069716
Non_si_puo_morire_dentro.pkl,0.1973219833321733,0.30689964724730634,0.4428682471822775
Hotel_California.6.pkl,0.0469313638334277,0.23492085169836752,0.44228517911496135
We_Are_the_World.1.pkl,0.201028384250495,0.3509864985122827,0.4420966420966421
Hitchin_a_Ride.1.pkl,0.14681356428835624,0.3495550247475584,0.4420555846879916
No_Time.1.pkl,0.22414191559790675,0.26885175872722245,0.4420306965761511
We_Are_the_World.3.pkl,0.20091412651984808,0.3506086999897625,0.4420242384539797
Youve_Made_Me_So_Very_Happy.1.pkl,0.19778264457368736,0.26813186820491536,0.441503146982599
Ik_hou_van_jou.pkl,0.21794659660517296,0.2794748586996467,0.44128553770086526
"Hold_Me,_Thrill_Me,_Kiss_Me,_Kill_Me.2.pkl",0.19674354021442092,0.2705593122514043,0.43977310643977313
We_Are_the_World.2.pkl,0.20231774522585275,0.35041401481694073,0.43957307060755335
Honesty.2.pkl,0.15974351326422373,0.2716853144966271,0.4393997691419777
Super_Trouper.4.pkl,0.16933303621290466,0.3171184342438287,0.43902439024390244
19th_Nervous_Breakdown.pkl,0.1956721183975347,0.3183167728709276,0.438185386124899
Yummy_Yummy_Yummy.1.pkl,0.1481808105901706,0.31313693550942795,0.43733223208754907
"10,000_Promises.pkl",0.16991708996486252,0.3129427215454875,0.4370139968895801
Non_lasciarmi_mai_piu.1.pkl,0.2795677379990886,0.3952533855799681,0.436930314613349
Youve_Lost_That_Lovin_Feelin.pkl,0.12200243056684276,0.2618868386585311,0.43597883597883597
Wasting_My_Hate.pkl,0.08070590753586504,0.19876772374616758,0.43440233236151604
No_Diggity_Shout_medley_.pkl,0.10305573801597868,0.25716587552527803,0.4327653997378768
99_Luftballons.pkl,0.1544904963570054,0.21203878990373318,0.4318484929314484
Non_vendermi.pkl,0.21520040916186892,0.26989991204285074,0.43164888262532713
Il_Giorno_Prima.1.pkl,0.1888197766646694,0.32815640995607515,0.43123148539991535
Nobody_Loves_Me_Like_You_Do.pkl,0.09212784381670971,0.224226303101118,0.43111831442463533
Holding_Back_The_Years.5.pkl,0.18432523417464056,0.30936517591368246,0.4308689390302448
Il_Giorno_Prima.pkl,0.18744987752303036,0.32693669754165167,0.430254576057227
No_Good_for_Me.pkl,0.10714370459595289,0.28302622968758745,0.4289272666888077
If_You_Dont_Know_Me_By_Now.1.pkl,0.19582329009868038,0.3577533446223438,0.4288079470198676
Svalutation.1.pkl,0.13903141480817613,0.2999613621121366,0.4284795885567342
Svalutation.2.pkl,0.1388570201538193,0.30000480010827185,0.42815814850530376
Svalutation.3.pkl,0.1388570201538193,0.30000480010827185,0.42815814850530376
Svalutation.pkl,0.1388570201538193,0.30000480010827185,0.42815814850530376
If_I_Fell.pkl,0.1796985857239037,0.2535220860550472,0.42813455657492355
Holiday.2.pkl,0.10680946482880141,0.3084067575880079,0.42707423580786025
Sunday_Afternoon.pkl,0.12103764311009044,0.21780089231902322,0.4257339299356106
If_You_Leave_Me_Now.1.pkl,0.16950314364706762,0.2526717499203104,0.42484121383203954
If_You_Leave_Me_Now.3.pkl,0.16950314364706762,0.2526717499203104,0.42484121383203954
If_You_Leave_Me_Now.pkl,0.16950314364706762,0.2526717499203104,0.42484121383203954
Il_tempo_se_ne_va.1.pkl,0.16072562038689248,0.2706477981335617,0.42395772166764534
Summer_of_69.8.pkl,0.18717321628027878,0.33220841341503854,0.4236883942766296
Il_mio_nome_e_mai_piu.pkl,0.009253557956681549,0.18220686255538773,0.42262224610424504
Waterloo.2.pkl,0.10854143354299664,0.28912347938739724,0.4221269296740995
Waterloo.3.pkl,0.10845721177825801,0.2890528893297614,0.4219554030874786
Watching_the_Wheels.pkl,0.105776473699682,0.27075102345871965,0.421954484605087
Youre_Only_Human_Second_Wind_.pkl,0.16552972272029273,0.365089006931968,0.4216114308394523
We_Are_The_Champions.6.pkl,0.15242400332785433,0.2277838123484591,0.42034015966678234
We_Are_The_Champions.5.pkl,0.15145914598710983,0.22777437247787544,0.4197359277275886
Honey_Pie.3.pkl,0.22648874463239502,0.3938597522901516,0.4194722474977252
Ill_Go_Where_Your_Music_Takes_Me.pkl,0.22113310813719353,0.3182545493691955,0.4189956827993638
Sunshine_of_Your_Love.2.pkl,0.12630835461199025,0.23639195676404512,0.41892048752176436
Hot_Water.pkl,0.11330347045501747,0.23699091943287542,0.418694885361552
Suspicious_Minds.3.pkl,0.27410926249742934,0.41124506976361247,0.41745235707121364
Il_grido.1.pkl,0.1634198891369452,0.31737279483581454,0.41714770797962647
No_Pretendo.pkl,0.1872690829275919,0.22133422869119787,0.4163773739023892
Hotel_California.3.pkl,0.15320931882114405,0.3010462046296773,0.41568206229860366
Il_mare_calmo_della_sera.pkl,0.16945047490411988,0.26399247608560145,0.4149419485108531
Ik_leef_niet_meer_voor_jou.pkl,0.1299784955007609,0.24539511077121012,0.4138162951575711
Summer_of_69.pkl,0.2056464978110319,0.3919198306103214,0.41372038208658973
Sweet_Caroline.4.pkl,0.17454486224116314,0.27167756193602277,0.41241610738255036
Sweet_Caroline.5.pkl,0.17454486224116314,0.27167756193602277,0.41241610738255036
Super_Trooper.1.pkl,0.1725669589103922,0.26435557761554523,0.41211951185299484
Super_Trouper.1.pkl,0.1725669589103922,0.26435557761554523,0.41211951185299484
Super_Trouper.6.pkl,0.1725669589103922,0.26435557761554523,0.41211951185299484
Il_clarinetto.pkl,0.17907438171633228,0.2889612465488732,0.412062513757429
Super_Trouper.5.pkl,0.17331869890046983,0.26471265589863485,0.4119792397250666
Super_Trooper.pkl,0.17146049580749345,0.2636658264728172,0.41183896759713845
Super_Trouper.2.pkl,0.17194357158861504,0.2642414213062678,0.41178947368421054
Il_clarinetto.1.pkl,0.17828759731044763,0.28974869534269393,0.4116222760290557
Baila_mi_son.pkl,0.16739071745731426,0.3010310282269336,0.4113369936192313
If_You_Leave_Me_Now.5.pkl,0.15987934085241928,0.24810786264361434,0.4112941176470588
If_You_Leave_Me_Now.6.pkl,0.15987934085241928,0.24810786264361434,0.4112941176470588
Hole_in_My_Shoe.pkl,0.19161399811554922,0.3647011878958099,0.4107972828030032
Non_gioco_piu.1.pkl,0.09405403099913164,0.26576630665241757,0.4094322619405227
Non_gioco_piu.2.pkl,0.09405403099913164,0.26576630665241757,0.4094322619405227
Summer_of_69.6.pkl,0.17824697124387875,0.3904719981498707,0.40893125940792774
Ill_Be_There.pkl,0.06998398862922582,0.16889109940141683,0.40812963471573743
Ill_Be_There.3.pkl,0.06927515857792323,0.16873660127141746,0.4078549848942598
Hit_the_Lights.pkl,0.08630200716184311,0.18966988495001894,0.4072959093323889
Il_diluvio.pkl,0.13710888575555366,0.2356593177148707,0.40460739779364047
Waterloo.7.pkl,0.06159464268449646,0.21541248423279805,0.4034421099687081
Il_coraggio_delle_idee.pkl,0.10992685809182756,0.23878146762175928,0.40278456277479235
Summer_of_69.4.pkl,0.19586546802886254,0.39720007616988573,0.40168713559111774
Summer_of_69.3.pkl,0.1950411721832995,0.39747050652122284,0.4007704734683733
Summer_of_69.5.pkl,0.1950411721832995,0.39747050652122284,0.4007704734683733
Waterloo.5.pkl,0.058968534593961085,0.20953850631349344,0.3999106344950849
Youre_the_One_That_I_Want.pkl,0.16720445287081123,0.29649759056628405,0.39822826534816647
No_More_Lonely_Nights_Ballad_reprise_.1.pkl,0.18962275969985465,0.28574882536198654,0.39692507579038544
Waterloo.1.pkl,0.061832345486899344,0.21328164852132325,0.3960285586791611
Waterloo.4.pkl,0.061832345486899344,0.21328164852132325,0.3960285586791611
Waterloo.6.pkl,0.06168519874770783,0.2125616026380249,0.39593568557391695
21st_Century_Schizoid_Man.pkl,0.09365368933224168,0.1496789780039904,0.3959234957420075
Waterloo.pkl,0.061851376436162196,0.21301283767686993,0.3958054439982151
39.pkl,0.00618236847547454,0.1602209412147122,0.3929942418426104
86.1.pkl,0.033241177453866386,0.1921350873748659,0.3929205635136735
No_More_Tears.pkl,0.1150059052062833,0.13438202534384808,0.3928017909419666
Hold_Me.pkl,0.13267943562590948,0.2397553284293701,0.3916485256283396
86.2.pkl,0.031429982279141004,0.1890439855276181,0.3909542978924935
86.pkl,0.031429982279141004,0.1890439855276181,0.3909542978924935
Non_e_tempo_per_noi.1.pkl,0.0943055889610185,0.2980143487988116,0.39066971951917573
Non_e_tempo_per_noi.pkl,0.0943055889610185,0.2980143487988116,0.39066971951917573
No_One_Can.1.pkl,0.23433934495915829,0.39307191955104226,0.3904041409516225
Il_mare_calmo_della_sera.1.pkl,0.17396813321009696,0.2628299917333751,0.3873239436619718
Il_mare_calmo_della_sera.4.pkl,0.17396813321009696,0.2628299917333751,0.3873239436619718
Swallowed.pkl,0.13622474073302596,0.2759911154249733,0.3867800087937857
Home.1.pkl,0.20819885744345762,0.3915496592490555,0.3810284718187101
Home.pkl,0.20819885744345762,0.3915496592490555,0.3810284718187101
Warm_Breeze.pkl,0.14439874481797826,0.1955638546411705,0.3809919070346545
Ill_Make_Love_To_You.pkl,0.09932697862827103,0.21890626635866894,0.37782754759238524
No_More_Mr_Nice_Guy.pkl,0.0638883952549623,0.13202200729532046,0.3775122216186855
Nobodys_Fault_but_Mine.pkl,0.19002054087787384,0.27969898214185573,0.37734119187950227
1492_Conquest_of_Paradise.pkl,0.1298784970610513,0.2737124062858941,0.37183280932125023
Ill_Be_There.4.pkl,0.036851027124251624,0.12433825101058876,0.3690447973453425
Sundance_Chick_Corea_.pkl,0.14855320463845964,0.23182301418269158,0.36786007105766605
Il_mare_calmo_della_sera.3.pkl,0.12543805303040428,0.2218686794215869,0.3663773412517131
Il_mare_calmo_della_sera.2.pkl,0.125245163713799,0.2207994518030518,0.36592051164915484
Honky_Tonk_Truth.pkl,0.17629096845462444,0.3593151660484174,0.3632936208716634
Non_lhai_mica_capito.pkl,0.08466064945496582,0.262489449845692,0.36299633905941986
If_You_Love_Somebody_Set_Them_Free.pkl,0.16401614128749856,0.30310352882340946,0.36271113035946295
Hot_Dog.pkl,0.14784324624073045,0.30691336139709613,0.3626943005181347
1492_Conquest_of_Paradise.3.pkl,0.14566308499798244,0.25459145346420947,0.360769444187552
Il_mercante_di_stelle.pkl,0.10397823365645366,0.2293654780910487,0.3543111992071358
Ik_wil_met_jou_wel_even_poolen.1.pkl,0.19159579827337173,0.3069169791627375,0.3540177294824135
Hitch_a_Ride.pkl,0.14772212003367607,0.23718746781159217,0.35345953002610964
Honky_Tonk_Woman.1.pkl,0.0031443838623227377,0.18153460323733414,0.347926267281106
Hotel_California.4.pkl,0.06354217247487277,0.20437179956780166,0.3427255006202375
1492_Conquest_of_Paradise.2.pkl,0.1530874237563441,0.3946333251597767,0.3418031532221032
Hotel_California.7.pkl,0.06438447190236593,0.2004445028392186,0.341222996104356
Hotel_California.1.pkl,0.06218742350291454,0.20013044335200442,0.3393932239405029
Walla_Walla.pkl,0.11974685904876198,0.1544368990125999,0.3389579632918887
Sussudio.1.pkl,0.09260380043544583,0.2927372048236367,0.33885895841967123
Sussudio.2.pkl,0.09260380043544583,0.2927372048236367,0.33885895841967123
Noi.pkl,0.06377342819864218,0.20829771895711366,0.3364485981308411
A_Boy_Named_Sue.pkl,0.07740789667311948,0.2623527307753473,0.3338486722444525
Watercolours_in_the_Rain.pkl,0.07206387237701278,0.23700928170995672,0.3333333333333333
We_Didnt_Start_the_Fire.2.pkl,0.10485993573866197,0.2767335302422369,0.3295238095238095
Sweet_Caroline.1.pkl,0.12111712632845471,0.2707267690351705,0.3270639960918417
No_Leaf_Clover.pkl,0.08210752279643665,0.24070456563559536,0.3263573543928924
5th_Symphony.1.pkl,0.07103604978810059,0.19395096845468998,0.3252649191299498
Sweet_Baby_James.pkl,0.05365889535467529,0.16901094071989167,0.3248069498069498
Sweet_Child_O_Mine.1.pkl,0.044401058112844984,0.12799556805980122,0.3245524005017676
Surfer_Girl.3.pkl,0.12858951303080657,0.2012112734163238,0.3140062375956904
"Hold_Me,_Thrill_Me,_Kiss_Me,_Kill_Me.3.pkl",0.032692389379025404,0.17295338719953562,0.3113326008475906
Watermark.1.pkl,0.1045831535179376,0.1733480896818127,0.3067423230974633
Watermark.2.pkl,0.1045831535179376,0.1733480896818127,0.3067423230974633
We_Didnt_Start_the_Fire.pkl,0.08317790959281203,0.2767715320415186,0.3037402964008469
Suppers_Ready.pkl,0.04904430947686536,0.12923641010781683,0.3036780347217457
Hit_Me_With_Your_Best_Shot.1.pkl,0.047933821138924984,0.20004737289426025,0.2846302873748789
Hit_Me_With_Your_Best_Shot.pkl,0.047933821138924984,0.20004737289426025,0.2846302873748789
Water_Music_Bouree.pkl,0.022106631764707896,0.12826163827378642,0.28243924805135256
No_Holly_For_Miss_Quinn.2.pkl,0.1513412376302119,0.2772413539944297,0.2508532423208191
No_Holly_For_Miss_Quinn.pkl,0.1513412376302119,0.2772413539944297,0.2508532423208191
Hitchin_a_Ride.pkl,0.08615687766881037,0.2950659043995456,0.2506803749622014
5th_Symphony.2.pkl,0.03649666693518088,0.12208930566216246,0.24919484702093397
AVERAGE,0.29973353524995716,0.36005617881321056,0.5913364704149445
